"term","estimate","std_error","statistic","p_value","rr","rr_low","rr_high","pathway_id","pathway_title","pollution_stage","data_status","outcome","n_rows","n_months"
"mean_temp",-0.00746653500844587,0.00963708894251291,-0.774770789497242,0.438475112728932,0.992561270317885,0.973989038669411,1.01148764125819,"P01","Continuous same-month mean temperature","none","HA_APPROVED_AGGREGATE","chd",132,132
"mean_tmax",-0.0101528215202887,0.0156912372881924,-0.647037664004271,0.517607567530206,0.989898544388842,0.959917777519819,1.02081568977184,"P02","Continuous same-month Tmax and Tmin","none","HA_APPROVED_AGGREGATE","chd",132,132
"mean_tmin",0.00335809758318549,0.0173795562180285,0.193221135284341,0.846785787059556,1.00336374230962,0.969760803131332,1.03813104853365,"P02","Continuous same-month Tmax and Tmin","none","HA_APPROVED_AGGREGATE","chd",132,132
"lag1_mean_tmax",0.00492874619433894,0.0166290559683008,0.296393625936095,0.766929492534514,1.00494091244377,0.972714946237073,1.03823452226175,"P03","Lag-1 month temperature","none","HA_APPROVED_AGGREGATE","chd",132,132
"lag1_mean_tmin",-0.00740316096041787,0.0180432948738046,-0.410299837817639,0.68158601104057,0.99262417493674,0.958133633169578,1.02835629452792,"P03","Lag-1 month temperature","none","HA_APPROVED_AGGREGATE","chd",132,132
"I(hot_nights/5)",0.0429953245504094,0.0157677727036198,2.7267849022544,0.0063954714653062,1.04393301398302,1.01216387548321,1.076699301448,"P04","Official extreme-day counts","none","HA_APPROVED_AGGREGATE","chd",132,132
"I(cold_days/5)",-0.00576937976586142,0.0203258209307089,-0.283844858494491,0.776529275590594,0.994247231145342,0.955416422737436,1.0346562327324,"P04","Official extreme-day counts","none","HA_APPROVED_AGGREGATE","chd",132,132
"I(very_hot_days/5)",-0.0297099153696193,0.0147681056765935,-2.01176210546134,0.0442450203184045,0.970727085717416,0.943031679535435,0.999235863857339,"P04","Official extreme-day counts","none","HA_APPROVED_AGGREGATE","chd",132,132
"days_in_hot_night_spell_ge5",0.00462813192231479,0.00198380719339001,2.33295450169532,0.0196505334025804,1.00463885826612,1.00074014359446,1.00855276167203,"P05","Ren/Wang spell burden","none","HA_APPROVED_AGGREGATE","chd",132,132
"days_in_very_hot_spell_ge5",-0.00430452470977792,0.00237612697479424,-1.8115718374649,0.0700523797555873,0.995704726477962,0.991078303065492,1.00035274636119,"P05","Ren/Wang spell burden","none","HA_APPROVED_AGGREGATE","chd",132,132
"days_in_2d3n_window",0.00181695743138246,0.0016826972024626,1.07978870394708,0.280236282524405,1.00181860909872,0.998519967244904,1.00512814811878,"P06","Combined day-night 2D3N burden","none","HA_APPROVED_AGGREGATE","chd",132,132
"hw_month_mean_temp_ge_p90",0.0313010851876673,0.0205342601024607,1.52433469876601,0.127425123480017,1.03179611565099,0.991093832360598,1.0741699620275,"P07","Heatwave-month indicators (multi-percentile + spells)","none","HA_APPROVED_AGGREGATE","chd",132,132
"hw_month_mean_temp_ge_p95",0.118472063170577,0.0336989265007776,3.51560347680047,0.000438755743465775,1.1257754230667,1.05382053711398,1.20264338997593,"P07","Heatwave-month indicators (multi-percentile + spells)","none","HA_APPROVED_AGGREGATE","chd",132,132
"hw_month_mean_temp_ge_p975",-0.18332668142494,0.0374783470757839,-4.89153593284786,1.00052122785822e-06,0.832496150281314,0.773535092383647,0.895951388705038,"P07","Heatwave-month indicators (multi-percentile + spells)","none","HA_APPROVED_AGGREGATE","chd",132,132
"hw_month_has_vhd_spell_ge3",-0.0126829815471494,0.028603513811902,-0.443406416098149,0.657471795898799,0.98739710851217,0.933563897817781,1.04433456796815,"P07","Heatwave-month indicators (multi-percentile + spells)","none","HA_APPROVED_AGGREGATE","chd",132,132
"cold_days",-0.00240597906363306,0.00864235825962381,-0.278393812354845,0.780710068873909,0.997596912984127,0.980840912520055,1.01463916124636,"P08","Cold-side primary","none","HA_APPROVED_AGGREGATE","chd",132,132
"max_cold_spell_touching",0.00198728430521289,0.0112779659379204,0.176209461542258,0.86012938785808,1.00198926026338,0.980083478371946,1.02438465685689,"P08","Cold-side primary","none","HA_APPROVED_AGGREGATE","chd",132,132
"mean_tmax",-0.00794598634168966,0.013154183152968,-0.604065356950484,0.545800190700778,0.992085499557082,0.966834268670223,1.01799622781796,"P10","COVID and holiday sensitivity on P02","none","HA_APPROVED_AGGREGATE","chd",132,132
"mean_tmin",0.000159861188519528,0.0162410414938024,0.00984303799608734,0.992146518766339,1.000159873967,0.968823742288799,1.03250955754911,"P10","COVID and holiday sensitivity on P02","none","HA_APPROVED_AGGREGATE","chd",132,132
"mean_tmax",-0.0101528215202887,0.0156912372881924,-0.647037664004271,0.517607567530206,0.989898544388842,0.959917777519819,1.02081568977184,"P11","Pollution-staged on P02","none","HA_APPROVED_AGGREGATE","chd",132,132
"mean_tmin",0.00335809758318549,0.0173795562180285,0.193221135284341,0.846785787059556,1.00336374230962,0.969760803131332,1.03813104853365,"P11","Pollution-staged on P02","none","HA_APPROVED_AGGREGATE","chd",132,132
"mean_tmax",-0.0256186011641353,0.0146888269027551,-1.74408762072962,0.0811438123271788,0.97470677075254,0.947044968323317,1.00317653409094,"P11","Pollution-staged on P02","NO2","HA_APPROVED_AGGREGATE","chd",132,132
"mean_tmin",0.0254759254262626,0.0169869830865481,1.49973219473191,0.13368378746105,1.02580321019815,0.99221192402547,1.06053172772172,"P11","Pollution-staged on P02","NO2","HA_APPROVED_AGGREGATE","chd",132,132
"NO2",0.00727542889424961,0.00185809690435214,3.9155271596485,9.02068885931924e-05,1.00730195912763,1.00364016833985,1.01097710999425,"P11","Pollution-staged on P02","NO2","HA_APPROVED_AGGREGATE","chd",132,132
"mean_tmax",-0.0127077309764744,0.0156251209645692,-0.813288486232513,0.416052676781401,0.987372671299622,0.957592489257933,1.0180789876337,"P11","Pollution-staged on P02","PM25","HA_APPROVED_AGGREGATE","chd",132,132
"mean_tmin",0.00864065678238878,0.017872877190418,0.483450800356934,0.62877568539316,1.00867809500981,0.973954995255002,1.04463913046231,"P11","Pollution-staged on P02","PM25","HA_APPROVED_AGGREGATE","chd",132,132
"PM25",0.00221983876617508,0.00133637627986253,1.66108812287766,0.0966957494986465,1.00222230443237,0.999600621030666,1.00485086380405,"P11","Pollution-staged on P02","PM25","HA_APPROVED_AGGREGATE","chd",132,132
"mean_tmax",-0.0109076075640004,0.0161606511392058,-0.674948519712702,0.499708472707689,0.989151664685494,0.958311417096644,1.02098440892457,"P11","Pollution-staged on P02","O3","HA_APPROVED_AGGREGATE","chd",132,132
"mean_tmin",0.00422541843311978,0.0181565085263109,0.232721970030563,0.815977307948696,1.00423435810043,0.969125327723789,1.04061530241712,"P11","Pollution-staged on P02","O3","HA_APPROVED_AGGREGATE","chd",132,132
"O3",0.000142652875183145,0.000672722289565622,0.212053141981153,0.832065575602365,1.00014266305059,0.998824808266926,1.00146225661889,"P11","Pollution-staged on P02","O3","HA_APPROVED_AGGREGATE","chd",132,132
"mean_tmax",-0.0268699184353453,0.0151028747514473,-1.77912608543419,0.0752190929465818,0.973487866113192,0.945093369232797,1.00273545061365,"P11","Pollution-staged on P02","multi","HA_APPROVED_AGGREGATE","chd",132,132
"mean_tmin",0.0249764266011009,0.0167696686958175,1.48938103990869,0.136387058415793,1.02529095064698,0.992138937002,1.05955072850494,"P11","Pollution-staged on P02","multi","HA_APPROVED_AGGREGATE","chd",132,132
"NO2",0.010670728671196,0.00253368796428174,4.2115401823843,2.53635425020669e-05,1.01072786394053,1.00572100304984,1.01575965088517,"P11","Pollution-staged on P02","multi","HA_APPROVED_AGGREGATE","chd",132,132
"PM25",-0.00376388420532688,0.00200174696866095,-1.88029969034732,0.0600672454889666,0.996243190328137,0.992342163522347,1.00015955258041,"P11","Pollution-staged on P02","multi","HA_APPROVED_AGGREGATE","chd",132,132
"O3",-0.000295460416925334,0.000867306925733977,-0.34066419644383,0.733356395150815,0.999704583227205,0.998006607459823,1.00140544787497,"P11","Pollution-staged on P02","multi","HA_APPROVED_AGGREGATE","chd",132,132
"mean_tmax",-0.0103457040328692,0.0175476636462633,-0.58957729310433,0.555474078702112,0.989707628683143,0.956246910420381,1.02433919482469,"P12","Absolute humidity sensitivity on P02","none","HA_APPROVED_AGGREGATE","chd",132,132
"mean_tmin",0.00377898504190158,0.0250397638218456,0.15091935645993,0.880039331130079,1.00378613440882,0.955711727142751,1.05427879036678,"P12","Absolute humidity sensitivity on P02","none","HA_APPROVED_AGGREGATE","chd",132,132
"mean_tmax",-0.00585584717320228,0.00972063982061311,-0.602413758895239,0.546898753665994,0.994161264881703,0.975399350856476,1.0132840663912,"P14","Flu co-exposure","none","HA_APPROVED_AGGREGATE","chd",121,121
"cold_days",-0.000399066294081967,0.0046552614646015,-0.0857237122160501,0.931686051888013,0.99960101332228,0.990521824995528,1.00876342208759,"P14","Flu co-exposure","none","HA_APPROVED_AGGREGATE","chd",121,121
"temp_variability_mean_range",-0.00902569427047426,0.0156836916385107,-0.575482767610148,0.564964841797974,0.991014915040478,0.961014549774966,1.02195181338582,"P15","Temperature variability proxy","none","HA_APPROVED_AGGREGATE","chd",132,132
"mean_tmax",-0.0111031540647825,0.00837932386178781,-1.32506563153815,0.185149384009949,0.988958258449294,0.972848776380067,1.00533449874327,"P16","Pre-COVID only (P02)","none","HA_APPROVED_AGGREGATE","chd",84,84
"mean_tmin",-0.00801884402638124,0.0102608308305624,-0.781500461200146,0.434508205567592,0.992013221137619,0.972261894085347,1.01216579287787,"P16","Pre-COVID only (P02)","none","HA_APPROVED_AGGREGATE","chd",84,84
"cold_month_mean_temp_le_p05",0.0658737598078087,0.0631354187603021,1.04337250154153,0.296775804177026,1.0680918725315,0.943771062334618,1.20878917959805,"P18","Cold-month indicator (p05 Tmean)","none","HA_APPROVED_AGGREGATE","chd",132,132
"cold_days",-0.00627811369372359,0.00559648578595657,-1.12179570070158,0.261949314644005,0.993741552485027,0.982900656160035,1.00470201840476,"P18","Cold-month indicator (p05 Tmean)","none","HA_APPROVED_AGGREGATE","chd",132,132
