"month_id","month_date","year","month","expected_days","observed_days","observed_tmin","observed_tmax","tmin_completeness","tmax_completeness","mean_temp","mean_tmin","mean_tmax","relative_humidity","absolute_humidity","rainfall","dew_point","hot_nights","cold_days","very_hot_days","extremely_hot_days","longest_hot_night_run","longest_very_hot_run","longest_cold_run","max_hot_night_spell_touching","max_very_hot_spell_touching","max_cold_spell_touching","days_in_hot_night_spell_ge3","days_in_hot_night_spell_ge5","days_in_very_hot_spell_ge2","days_in_very_hot_spell_ge5","days_in_2d3n_window","month_has_2d3n_window","station","time_index","lag1_mean_temp","lag1_mean_tmin","lag1_mean_tmax","hw_month_mean_temp_ge_p90","hw_month_mean_temp_ge_p95","hw_month_mean_temp_ge_p975","cold_month_mean_temp_le_p05","hw_month_has_vhd_spell_ge3","hw_month_has_hn_spell_ge3","hw_p90_threshold_c","hw_p95_threshold_c","hw_p975_threshold_c","cold_p05_threshold_c","exposure_build_notes","NO2","O3","PM25","PM10","data_status","pollution_data_status","covid_phase","chinese_new_year_month","public_holiday_days","flu_indicator","flu_data_status","temp_variability_mean_range","temp_variability_sd_tmean"
"2013-01","2013-01-01",2013,1,31,31,31,31,1,1,16.7032258064516,14.7774193548387,19.1225806451613,71.0645161290323,10.1906990384081,3.4,11.2935483870968,0,3,0,0,0,0,2,0,0,2,0,0,0,0,0,0,"HKO",1,17.8451612903226,15.9483870967742,19.7193548387097,0,0,0,0,0,0,29.3435483870968,29.6816666666667,29.7806451612903,16.1646774193548,"lag1 from Dec2012+study window; HW-month p90/p95/p975 + spell proxies; TV from daily extracts when available",70.9090909090909,40.5454545454545,48.4545454545455,69.4545454545455,"EPD_GENERAL_STATIONS","EPD_GENERAL_STATIONS","pre_covid",0,1,,"CHP_FLU_EXPRESS_MONTHLY",4.34516129032258,1.82966005421185
"2013-02","2013-02-01",2013,2,28,28,28,28,1,1,19.0678571428571,17.1428571428571,22.0535714285714,79.4642857142857,13.1125701869791,1.5,15.3714285714286,0,1,0,0,0,0,1,0,0,1,0,0,0,0,0,0,"HKO",2,16.7032258064516,14.7774193548387,19.1225806451613,0,0,0,0,0,0,29.3435483870968,29.6816666666667,29.7806451612903,16.1646774193548,"lag1 from Dec2012+study window; HW-month p90/p95/p975 + spell proxies; TV from daily extracts when available",54.1818181818182,38.8181818181818,26.5454545454545,39.7272727272727,"EPD_GENERAL_STATIONS","EPD_GENERAL_STATIONS","pre_covid",1,3,,"CHP_FLU_EXPRESS_MONTHLY",4.91071428571429,2.05553517793417
"2013-03","2013-03-01",2013,3,31,31,31,31,1,1,20.5516129032258,18.4709677419355,23.4967741935484,79.5161290322581,14.3429720310912,130.5,16.5129032258065,0,0,0,0,0,0,0,0,0,0,0,0,0,0,0,0,"HKO",3,19.0678571428571,17.1428571428571,22.0535714285714,0,0,0,0,0,0,29.3435483870968,29.6816666666667,29.7806451612903,16.1646774193548,"lag1 from Dec2012+study window; HW-month p90/p95/p975 + spell proxies; TV from daily extracts when available",64.8181818181818,38.5454545454545,29.8181818181818,47.6363636363636,"EPD_GENERAL_STATIONS","EPD_GENERAL_STATIONS","pre_covid",0,0,,"CHP_FLU_EXPRESS_MONTHLY",5.0258064516129,2.12130006799949
"2013-04","2013-04-01",2013,4,30,30,30,30,1,1,21.53,19.66,23.9166666666667,86,16.4467314768124,253.8,18.9666666666667,0,0,0,0,0,0,0,0,0,0,0,0,0,0,0,0,"HKO",4,20.5516129032258,18.4709677419355,23.4967741935484,0,0,0,0,0,0,29.3435483870968,29.6816666666667,29.7806451612903,16.1646774193548,"lag1 from Dec2012+study window; HW-month p90/p95/p975 + spell proxies; TV from daily extracts when available",59.9090909090909,50.2727272727273,33.4545454545455,48,"EPD_GENERAL_STATIONS","EPD_GENERAL_STATIONS","pre_covid",0,2,,"CHP_FLU_EXPRESS_MONTHLY",4.25666666666667,2.55695805260052
"2013-05","2013-05-01",2013,5,31,31,31,31,1,1,25.7290322580645,23.9483870967742,28.1516129032258,86.4193548387097,20.9121516713751,509.3,23.2161290322581,1,0,1,0,1,1,0,1,1,0,0,0,0,0,0,0,"HKO",5,21.53,19.66,23.9166666666667,0,0,0,0,0,0,29.3435483870968,29.6816666666667,29.7806451612903,16.1646774193548,"lag1 from Dec2012+study window; HW-month p90/p95/p975 + spell proxies; TV from daily extracts when available",49.9090909090909,31.7272727272727,17.7272727272727,27.0909090909091,"EPD_GENERAL_STATIONS","EPD_GENERAL_STATIONS","pre_covid",0,2,,"CHP_FLU_EXPRESS_MONTHLY",4.20322580645161,2.98677011149582
"2013-06","2013-06-01",2013,6,30,30,30,30,1,1,28.1466666666667,26.4533333333333,30.7433333333333,83.9333333333333,22.9717660445237,438.6,25.07,6,0,5,0,5,3,0,5,3,0,5,5,3,0,0,0,"HKO",6,25.7290322580645,23.9483870967742,28.1516129032258,0,0,0,0,1,1,29.3435483870968,29.6816666666667,29.7806451612903,16.1646774193548,"lag1 from Dec2012+study window; HW-month p90/p95/p975 + spell proxies; TV from daily extracts when available",38.4545454545455,25.9090909090909,13.6363636363636,23.2727272727273,"EPD_GENERAL_STATIONS","EPD_GENERAL_STATIONS","pre_covid",0,1,,"CHP_FLU_EXPRESS_MONTHLY",4.29,1.84927447718126
"2013-07","2013-07-01",2013,7,31,31,31,31,1,1,27.9612903225806,26.1032258064516,30.9387096774194,85.0645161290323,23.0164165994799,436.3,25.1064516129032,1,0,5,0,1,1,0,1,1,0,0,0,0,0,0,0,"HKO",7,28.1466666666667,26.4533333333333,30.7433333333333,0,0,0,0,0,0,29.3435483870968,29.6816666666667,29.7806451612903,16.1646774193548,"lag1 from Dec2012+study window; HW-month p90/p95/p975 + spell proxies; TV from daily extracts when available",34.7272727272727,21.7272727272727,10.1,18.7,"EPD_GENERAL_STATIONS","EPD_GENERAL_STATIONS","pre_covid",0,1,,"CHP_FLU_EXPRESS_MONTHLY",4.83548387096774,1.34429099512341
"2013-08","2013-08-01",2013,8,31,31,31,31,1,1,28.6064516129032,26.5290322580645,31.1322580645161,82.8387096774194,23.2501774559265,445.4,25.2967741935484,1,0,5,0,1,3,0,1,3,0,0,0,3,0,0,0,"HKO",8,27.9612903225806,26.1032258064516,30.9387096774194,0,0,0,0,1,0,29.3435483870968,29.6816666666667,29.7806451612903,16.1646774193548,"lag1 from Dec2012+study window; HW-month p90/p95/p975 + spell proxies; TV from daily extracts when available",44.0909090909091,28.8181818181818,17.4,29.5,"EPD_GENERAL_STATIONS","EPD_GENERAL_STATIONS","pre_covid",0,0,,"CHP_FLU_EXPRESS_MONTHLY",4.60322580645161,1.06862387641645
"2013-09","2013-09-01",2013,9,30,30,30,30,1,1,27.5166666666667,25.6866666666667,30.2533333333333,81.5666666666667,21.5485226829514,454.2,23.94,1,0,1,0,1,1,0,1,1,0,0,0,0,0,0,0,"HKO",9,28.6064516129032,26.5290322580645,31.1322580645161,0,0,0,0,0,0,29.3435483870968,29.6816666666667,29.7806451612903,16.1646774193548,"lag1 from Dec2012+study window; HW-month p90/p95/p975 + spell proxies; TV from daily extracts when available",43.2727272727273,50,24.6,39.3,"EPD_GENERAL_STATIONS","EPD_GENERAL_STATIONS","pre_covid",0,0,,"CHP_FLU_EXPRESS_MONTHLY",4.56666666666667,1.38441655414918
"2013-10","2013-10-01",2013,10,31,31,31,31,1,1,25.6483870967742,23.6838709677419,28.6,66.4516129032258,15.9866044695495,2.9,18.6064516129032,0,0,0,0,0,0,0,0,0,0,0,0,0,0,0,0,"HKO",10,27.5166666666667,25.6866666666667,30.2533333333333,0,0,0,0,0,0,29.3435483870968,29.6816666666667,29.7806451612903,16.1646774193548,"lag1 from Dec2012+study window; HW-month p90/p95/p975 + spell proxies; TV from daily extracts when available",60.4545454545455,83.5454545454545,49.6,76.5,"EPD_GENERAL_STATIONS","EPD_GENERAL_STATIONS","pre_covid",0,2,,"CHP_FLU_EXPRESS_MONTHLY",4.91612903225806,1.71791947186938
"2013-11","2013-11-01",2013,11,30,30,30,30,1,1,21.6966666666667,19.7466666666667,23.8466666666667,72.4666666666667,14.1423378165327,83.1,16.2466666666667,0,0,0,0,0,0,0,0,0,0,0,0,0,0,0,0,"HKO",11,25.6483870967742,23.6838709677419,28.6,0,0,0,0,0,0,29.3435483870968,29.6816666666667,29.7806451612903,16.1646774193548,"lag1 from Dec2012+study window; HW-month p90/p95/p975 + spell proxies; TV from daily extracts when available",53,52.9090909090909,35.7,60.7,"EPD_GENERAL_STATIONS","EPD_GENERAL_STATIONS","pre_covid",0,0,,"CHP_FLU_EXPRESS_MONTHLY",4.1,2.88114959495437
"2013-12","2013-12-01",2013,12,31,31,31,31,1,1,16.1096774193548,14,18.5677419354839,62.741935483871,8.74316915819096,88.3,8.56129032258064,0,10,0,0,0,0,4,0,0,4,0,0,0,0,0,0,"HKO",12,21.6966666666667,19.7466666666667,23.8466666666667,0,0,0,1,0,0,29.3435483870968,29.6816666666667,29.7806451612903,16.1646774193548,"lag1 from Dec2012+study window; HW-month p90/p95/p975 + spell proxies; TV from daily extracts when available",70.9090909090909,48.4545454545455,62.9,85.2,"EPD_GENERAL_STATIONS","EPD_GENERAL_STATIONS","pre_covid",0,2,0.1238,"CHP_FLU_EXPRESS_MONTHLY",4.56774193548387,3.0084719087614
"2014-01","2014-01-01",2014,1,31,31,31,31,1,1,16.3193548387097,14.1161290322581,19.2032258064516,67.4516129032258,9.48623107525039,0,9.92258064516129,0,6,0,0,0,0,4,0,0,4,0,0,0,0,0,0,"HKO",13,16.1096774193548,14,18.5677419354839,0,0,0,0,0,0,29.3435483870968,29.6816666666667,29.7806451612903,16.1646774193548,"lag1 from Dec2012+study window; HW-month p90/p95/p975 + spell proxies; TV from daily extracts when available",72.0833333333333,54.5,53.4166666666667,78.8333333333333,"EPD_GENERAL_STATIONS","EPD_GENERAL_STATIONS","pre_covid",1,3,0.2242,"CHP_FLU_EXPRESS_MONTHLY",5.08709677419355,1.96882695275448
"2014-02","2014-02-01",2014,2,28,28,28,28,1,1,15.4714285714286,13.5142857142857,17.8857142857143,81.8571428571429,11.1435281335741,39.5,12.2571428571429,0,9,0,0,0,0,7,0,0,7,0,0,0,0,0,0,"HKO",14,16.3193548387097,14.1161290322581,19.2032258064516,0,0,0,1,0,0,29.3435483870968,29.6816666666667,29.7806451612903,16.1646774193548,"lag1 from Dec2012+study window; HW-month p90/p95/p975 + spell proxies; TV from daily extracts when available",48.5,38.5833333333333,28.6666666666667,41.5,"EPD_GENERAL_STATIONS","EPD_GENERAL_STATIONS","pre_covid",0,0,0.291175,"CHP_FLU_EXPRESS_MONTHLY",4.37142857142857,4.05516197263915
"2014-03","2014-03-01",2014,3,31,31,31,31,1,1,18.6903225806452,17.0032258064516,20.9,83.3870967741936,13.5307525318914,207.6,15.6548387096774,0,0,0,0,0,0,0,0,0,0,0,0,0,0,0,0,"HKO",15,15.4714285714286,13.5142857142857,17.8857142857143,0,0,0,0,0,0,29.3435483870968,29.6816666666667,29.7806451612903,16.1646774193548,"lag1 from Dec2012+study window; HW-month p90/p95/p975 + spell proxies; TV from daily extracts when available",53.3333333333333,42.25,33.5,50.5,"EPD_GENERAL_STATIONS","EPD_GENERAL_STATIONS","pre_covid",0,0,0.18622,"CHP_FLU_EXPRESS_MONTHLY",3.89677419354839,2.89670558148502
"2014-04","2014-04-01",2014,4,30,30,30,30,1,1,22.5833333333333,21.0333333333333,24.8666666666667,86.1666666666667,17.3009468496445,132.4,20.0133333333333,0,0,0,0,0,0,0,0,0,0,0,0,0,0,0,0,"HKO",16,18.6903225806452,17.0032258064516,20.9,0,0,0,0,0,0,29.3435483870968,29.6816666666667,29.7806451612903,16.1646774193548,"lag1 from Dec2012+study window; HW-month p90/p95/p975 + spell proxies; TV from daily extracts when available",52.25,54.5833333333333,28.8181818181818,43.25,"EPD_GENERAL_STATIONS","EPD_GENERAL_STATIONS","pre_covid",0,2,0.086575,"CHP_FLU_EXPRESS_MONTHLY",3.83333333333333,2.011875661705
"2014-05","2014-05-01",2014,5,31,31,31,31,1,1,26.3903225806452,24.6161290322581,28.5612903225806,85.8387096774194,21.4259748633891,687.3,23.7032258064516,3,0,0,0,1,0,0,6,0,0,1,1,0,0,0,0,"HKO",17,22.5833333333333,21.0333333333333,24.8666666666667,0,0,0,0,0,0,29.3435483870968,29.6816666666667,29.7806451612903,16.1646774193548,"lag1 from Dec2012+study window; HW-month p90/p95/p975 + spell proxies; TV from daily extracts when available",40.25,33.5,14.5454545454545,24,"EPD_GENERAL_STATIONS","EPD_GENERAL_STATIONS","pre_covid",0,2,0.05325,"CHP_FLU_EXPRESS_MONTHLY",3.94516129032258,3.20149494650126
"2014-06","2014-06-01",2014,6,30,30,30,30,1,1,29.01,27.0266666666667,31.4833333333333,79.9333333333333,22.9583935415727,436.6,25.0266666666667,8,0,5,0,5,3,0,6,3,0,5,5,3,0,1,1,"HKO",18,26.3903225806452,24.6161290322581,28.5612903225806,0,0,0,0,1,1,29.3435483870968,29.6816666666667,29.7806451612903,16.1646774193548,"lag1 from Dec2012+study window; HW-month p90/p95/p975 + spell proxies; TV from daily extracts when available",41.25,38.5833333333333,18,28.25,"EPD_GENERAL_STATIONS","EPD_GENERAL_STATIONS","pre_covid",0,1,0.10608,"CHP_FLU_EXPRESS_MONTHLY",4.45666666666667,1.08002234970489
"2014-07","2014-07-01",2014,7,31,31,31,31,1,1,29.7806451612903,27.6193548387097,32.5903225806452,80.1612903225806,24.0113041223944,260.5,25.8774193548387,13,0,15,0,4,4,0,4,5,0,4,0,13,4,17,1,"HKO",19,29.01,27.0266666666667,31.4833333333333,1,1,1,0,1,1,29.3435483870968,29.6816666666667,29.7806451612903,16.1646774193548,"lag1 from Dec2012+study window; HW-month p90/p95/p975 + spell proxies; TV from daily extracts when available",41.25,30.1666666666667,16.8333333333333,26.3333333333333,"EPD_GENERAL_STATIONS","EPD_GENERAL_STATIONS","pre_covid",0,1,0.0827,"CHP_FLU_EXPRESS_MONTHLY",4.97096774193548,0.877275842153314
"2014-08","2014-08-01",2014,8,31,31,31,31,1,1,29.0225806451613,26.7709677419355,31.9741935483871,81.1290322580645,23.3068038394147,548.2,25.3258064516129,6,0,6,0,2,3,0,2,5,0,0,0,6,1,5,1,"HKO",20,29.7806451612903,27.6193548387097,32.5903225806452,0,0,0,0,1,0,29.3435483870968,29.6816666666667,29.7806451612903,16.1646774193548,"lag1 from Dec2012+study window; HW-month p90/p95/p975 + spell proxies; TV from daily extracts when available",38.1666666666667,25.0833333333333,12.3333333333333,20.75,"EPD_GENERAL_STATIONS","EPD_GENERAL_STATIONS","pre_covid",0,0,0.03688,"CHP_FLU_EXPRESS_MONTHLY",5.20322580645161,1.27480970538596
"2014-09","2014-09-01",2014,9,30,30,30,30,1,1,28.9866666666667,27.0266666666667,31.9966666666667,77.3,22.2220025373088,140.6,24.49,4,0,7,0,3,2,0,3,2,0,3,0,4,0,8,1,"HKO",21,29.0225806451613,26.7709677419355,31.9741935483871,0,0,0,0,1,1,29.3435483870968,29.6816666666667,29.7806451612903,16.1646774193548,"lag1 from Dec2012+study window; HW-month p90/p95/p975 + spell proxies; TV from daily extracts when available",46.5,44.3333333333333,23.5,35,"EPD_GENERAL_STATIONS","EPD_GENERAL_STATIONS","pre_covid",0,0,0.018675,"CHP_FLU_EXPRESS_MONTHLY",4.97,0.893552898047561
"2014-10","2014-10-01",2014,10,31,31,31,31,1,1,26.2451612903226,24.3322580645161,28.9032258064516,71.1290322580645,17.5730121466821,109.8,20.3645161290323,0,0,0,0,0,0,0,0,0,0,0,0,0,0,0,0,"HKO",22,28.9866666666667,27.0266666666667,31.9966666666667,0,0,0,0,0,0,29.3435483870968,29.6816666666667,29.7806451612903,16.1646774193548,"lag1 from Dec2012+study window; HW-month p90/p95/p975 + spell proxies; TV from daily extracts when available",50.1666666666667,84.6666666666667,39.1666666666667,61,"EPD_GENERAL_STATIONS","EPD_GENERAL_STATIONS","pre_covid",0,2,0.006675,"CHP_FLU_EXPRESS_MONTHLY",4.57096774193548,1.04684883011745
"2014-11","2014-11-01",2014,11,30,30,30,30,1,1,22.6433333333333,21.17,24.56,78.1666666666667,15.8073188543349,31.1,18.5333333333333,0,0,0,0,0,0,0,0,0,0,0,0,0,0,0,0,"HKO",23,26.2451612903226,24.3322580645161,28.9032258064516,0,0,0,0,0,0,29.3435483870968,29.6816666666667,29.7806451612903,16.1646774193548,"lag1 from Dec2012+study window; HW-month p90/p95/p975 + spell proxies; TV from daily extracts when available",49.5454545454545,52.1818181818182,33.8181818181818,49.6363636363636,"EPD_GENERAL_STATIONS","EPD_GENERAL_STATIONS","pre_covid",0,0,0.00736,"CHP_FLU_EXPRESS_MONTHLY",3.39,1.36979317173555
"2014-12","2014-12-01",2014,12,31,31,31,31,1,1,16.3387096774194,14.1741935483871,18.4870967741935,67.4193548387097,9.50293284298978,44.7,9.86774193548387,0,6,0,0,0,0,4,0,0,4,0,0,0,0,0,0,"HKO",24,22.6433333333333,21.17,24.56,0,0,0,0,0,0,29.3435483870968,29.6816666666667,29.7806451612903,16.1646774193548,"lag1 from Dec2012+study window; HW-month p90/p95/p975 + spell proxies; TV from daily extracts when available",56.1818181818182,46.0909090909091,39.8181818181818,61.2727272727273,"EPD_GENERAL_STATIONS","EPD_GENERAL_STATIONS","pre_covid",0,2,0.077475,"CHP_FLU_EXPRESS_MONTHLY",4.31290322580645,1.99677697291658
"2015-01","2015-01-01",2015,1,31,31,31,31,1,1,16.4483870967742,14.5161290322581,18.9322580645161,72,10.1381202374773,41.7,11.158064516129,0,4,0,0,0,0,4,0,0,4,0,0,0,0,0,0,"HKO",25,16.3387096774194,14.1741935483871,18.4870967741935,0,0,0,0,0,0,29.3435483870968,29.6816666666667,29.7806451612903,16.1646774193548,"lag1 from Dec2012+study window; HW-month p90/p95/p975 + spell proxies; TV from daily extracts when available",62.3333333333333,52.25,43.5833333333333,63.75,"EPD_GENERAL_STATIONS","EPD_GENERAL_STATIONS","pre_covid",0,1,0.3144,"CHP_FLU_EXPRESS_MONTHLY",4.41612903225806,1.58889289921042
"2015-02","2015-02-01",2015,2,28,28,28,28,1,1,17.475,15.9107142857143,19.5071428571429,78.1071428571429,11.8333490527274,32,13.3607142857143,0,1,0,0,0,0,1,0,0,1,0,0,0,0,0,0,"HKO",26,16.4483870967742,14.5161290322581,18.9322580645161,0,0,0,0,0,0,29.3435483870968,29.6816666666667,29.7806451612903,16.1646774193548,"lag1 from Dec2012+study window; HW-month p90/p95/p975 + spell proxies; TV from daily extracts when available",55.6666666666667,50.6666666666667,46.4166666666667,67.0833333333333,"EPD_GENERAL_STATIONS","EPD_GENERAL_STATIONS","pre_covid",1,3,0.2729,"CHP_FLU_EXPRESS_MONTHLY",3.59642857142857,1.99696529022674
"2015-03","2015-03-01",2015,3,31,31,31,31,1,1,19.8967741935484,18.4709677419355,21.9806451612903,84.4193548387097,14.6432007897336,28.4,17.1129032258065,0,0,0,0,0,0,0,0,0,0,0,0,0,0,0,0,"HKO",27,17.475,15.9107142857143,19.5071428571429,0,0,0,0,0,0,29.3435483870968,29.6816666666667,29.7806451612903,16.1646774193548,"lag1 from Dec2012+study window; HW-month p90/p95/p975 + spell proxies; TV from daily extracts when available",48.5,42.1666666666667,28.3333333333333,42.1666666666667,"EPD_GENERAL_STATIONS","EPD_GENERAL_STATIONS","pre_covid",0,0,0.1552,"CHP_FLU_EXPRESS_MONTHLY",3.50967741935484,2.49726301791485
"2015-04","2015-04-01",2015,4,30,30,30,30,1,1,23.6066666666667,21.39,26.69,77.3666666666667,16.6583253960405,64.5,19.1666666666667,0,0,0,0,0,0,0,0,0,0,0,0,0,0,0,0,"HKO",28,19.8967741935484,18.4709677419355,21.9806451612903,0,0,0,0,0,0,29.3435483870968,29.6816666666667,29.7806451612903,16.1646774193548,"lag1 from Dec2012+study window; HW-month p90/p95/p975 + spell proxies; TV from daily extracts when available",49,43.5833333333333,22.5833333333333,35.9166666666667,"EPD_GENERAL_STATIONS","EPD_GENERAL_STATIONS","pre_covid",0,2,0.0888,"CHP_FLU_EXPRESS_MONTHLY",5.3,2.85644260712798
"2015-05","2015-05-01",2015,5,31,31,31,31,1,1,27.4516129032258,25.5290322580645,29.8838709677419,84.5483870967742,22.3119870415451,513,24.5516129032258,2,0,0,0,2,0,0,2,0,0,0,0,0,0,0,0,"HKO",29,23.6066666666667,21.39,26.69,0,0,0,0,0,0,29.3435483870968,29.6816666666667,29.7806451612903,16.1646774193548,"lag1 from Dec2012+study window; HW-month p90/p95/p975 + spell proxies; TV from daily extracts when available",39.4166666666667,30.75,12.5,22,"EPD_GENERAL_STATIONS","EPD_GENERAL_STATIONS","pre_covid",0,2,0.09048,"CHP_FLU_EXPRESS_MONTHLY",4.35483870967742,1.62231747154946
"2015-06","2015-06-01",2015,6,30,30,30,30,1,1,29.6666666666667,27.6633333333333,32.3166666666667,79.8666666666667,23.7538452406229,302.1,25.74,13,0,10,0,5,7,0,7,7,0,7,7,9,7,15,1,"HKO",30,27.4516129032258,25.5290322580645,29.8838709677419,1,0,0,0,1,1,29.3435483870968,29.6816666666667,29.7806451612903,16.1646774193548,"lag1 from Dec2012+study window; HW-month p90/p95/p975 + spell proxies; TV from daily extracts when available",30.6666666666667,25.4166666666667,9.16666666666667,16.6666666666667,"EPD_GENERAL_STATIONS","EPD_GENERAL_STATIONS","pre_covid",0,1,0.23885,"CHP_FLU_EXPRESS_MONTHLY",4.65333333333333,0.883696520435542
"2015-07","2015-07-01",2015,7,31,31,31,31,1,1,29.141935483871,27.2290322580645,31.8258064516129,79.0322580645161,22.8795023682265,406.2,25.0225806451613,12,0,6,0,5,4,0,7,4,0,10,10,4,0,12,1,"HKO",31,29.6666666666667,27.6633333333333,32.3166666666667,0,0,0,0,1,1,29.3435483870968,29.6816666666667,29.7806451612903,16.1646774193548,"lag1 from Dec2012+study window; HW-month p90/p95/p975 + spell proxies; TV from daily extracts when available",39.5,43,15.9166666666667,26.5833333333333,"EPD_GENERAL_STATIONS","EPD_GENERAL_STATIONS","pre_covid",0,1,0.12865,"CHP_FLU_EXPRESS_MONTHLY",4.59677419354839,1.19381020086902
"2015-08","2015-08-01",2015,8,31,31,31,31,1,1,29.3,27.1677419354839,32.0967741935484,78.3548387096774,22.8064381049826,143.3,24.9709677419355,8,0,12,1,3,7,0,3,7,0,6,0,9,7,10,1,"HKO",32,29.141935483871,27.2290322580645,31.8258064516129,0,0,0,0,1,1,29.3435483870968,29.6816666666667,29.7806451612903,16.1646774193548,"lag1 from Dec2012+study window; HW-month p90/p95/p975 + spell proxies; TV from daily extracts when available",49.75,37.5,21.5,31.8333333333333,"EPD_GENERAL_STATIONS","EPD_GENERAL_STATIONS","pre_covid",0,0,0.04954,"CHP_FLU_EXPRESS_MONTHLY",4.92903225806452,1.33091447258392
"2015-09","2015-09-01",2015,9,30,30,30,30,1,1,28.4033333333333,26.6466666666667,31.0566666666667,78.3,21.7504936352223,87.9,24.12,2,0,0,0,1,0,0,1,0,0,0,0,0,0,0,0,"HKO",33,29.3,27.1677419354839,32.0967741935484,0,0,0,0,0,0,29.3435483870968,29.6816666666667,29.7806451612903,16.1646774193548,"lag1 from Dec2012+study window; HW-month p90/p95/p975 + spell proxies; TV from daily extracts when available",41.3333333333333,59.1666666666667,22.4166666666667,32.5833333333333,"EPD_GENERAL_STATIONS","EPD_GENERAL_STATIONS","pre_covid",0,0,0.017075,"CHP_FLU_EXPRESS_MONTHLY",4.41,0.846283287261925
"2015-10","2015-10-01",2015,10,31,31,31,31,1,1,26.0161290322581,24.2,28.5387096774194,76.6451612903226,18.7611357344952,168.3,21.4322580645161,0,0,0,0,0,0,0,0,0,0,0,0,0,0,0,0,"HKO",34,28.4033333333333,26.6466666666667,31.0566666666667,0,0,0,0,0,0,29.3435483870968,29.6816666666667,29.7806451612903,16.1646774193548,"lag1 from Dec2012+study window; HW-month p90/p95/p975 + spell proxies; TV from daily extracts when available",48.6666666666667,64,29.4166666666667,44.25,"EPD_GENERAL_STATIONS","EPD_GENERAL_STATIONS","pre_covid",0,2,0.008825,"CHP_FLU_EXPRESS_MONTHLY",4.33870967741935,1.49088268579245
"2015-11","2015-11-01",2015,11,30,30,30,30,1,1,24.0233333333333,22.4133333333333,26.0533333333333,78.6666666666667,17.4036118688817,22.8,19.9733333333333,0,0,0,0,0,0,0,0,0,0,0,0,0,0,0,0,"HKO",35,26.0161290322581,24.2,28.5387096774194,0,0,0,0,0,0,29.3435483870968,29.6816666666667,29.7806451612903,16.1646774193548,"lag1 from Dec2012+study window; HW-month p90/p95/p975 + spell proxies; TV from daily extracts when available",41.5833333333333,53.6666666666667,23.5833333333333,38.1666666666667,"EPD_GENERAL_STATIONS","EPD_GENERAL_STATIONS","pre_covid",0,0,0.00984,"CHP_FLU_EXPRESS_MONTHLY",3.64,2.10756982677031
"2015-12","2015-12-01",2015,12,31,31,31,31,1,1,18.5677419354839,17.0741935483871,20.2516129032258,76.0322580645161,12.3482441280924,64.3,14.0322580645161,0,2,0,0,0,0,2,0,0,2,0,0,0,0,0,0,"HKO",36,24.0233333333333,22.4133333333333,26.0533333333333,0,0,0,0,0,0,29.3435483870968,29.6816666666667,29.7806451612903,16.1646774193548,"lag1 from Dec2012+study window; HW-month p90/p95/p975 + spell proxies; TV from daily extracts when available",50.5454545454545,30.3636363636364,27,41.3636363636364,"EPD_GENERAL_STATIONS","EPD_GENERAL_STATIONS","pre_covid",0,2,0.018625,"CHP_FLU_EXPRESS_MONTHLY",3.17741935483871,2.32298473187323
"2016-01","2016-01-01",2016,1,31,31,31,31,1,1,16.0258064516129,14.4322580645161,17.8064516129032,82.9354838709677,11.7287699849538,266.9,12.9741935483871,0,7,0,0,0,0,6,0,0,6,0,0,0,0,0,0,"HKO",37,18.5677419354839,17.0741935483871,20.2516129032258,0,0,0,1,0,0,29.3435483870968,29.6816666666667,29.7806451612903,16.1646774193548,"lag1 from Dec2012+study window; HW-month p90/p95/p975 + spell proxies; TV from daily extracts when available",49.1818181818182,33.9090909090909,25.7272727272727,36.2727272727273,"EPD_GENERAL_STATIONS","EPD_GENERAL_STATIONS","pre_covid",0,1,0.08226,"CHP_FLU_EXPRESS_MONTHLY",3.3741935483871,3.76775510013903
"2016-02","2016-02-01",2016,2,29,29,29,29,1,1,15.4586206896552,13.351724137931,18.2172413793103,73.7931034482759,9.92991108058708,24.8,10.3758620689655,0,10,0,0,0,0,4,0,0,4,0,0,0,0,0,0,"HKO",38,16.0258064516129,14.4322580645161,17.8064516129032,0,0,0,1,0,0,29.3435483870968,29.6816666666667,29.7806451612903,16.1646774193548,"lag1 from Dec2012+study window; HW-month p90/p95/p975 + spell proxies; TV from daily extracts when available",49.0909090909091,33.7272727272727,28.1818181818182,43.7272727272727,"EPD_GENERAL_STATIONS","EPD_GENERAL_STATIONS","pre_covid",1,3,0.242725,"CHP_FLU_EXPRESS_MONTHLY",4.86551724137931,2.76088976876494
"2016-03","2016-03-01",2016,3,31,31,31,31,1,1,17.5161290322581,15.6516129032258,19.9903225806452,83.8387096774194,12.6816448478373,148.7,14.5387096774194,0,3,0,0,0,0,2,0,0,2,0,0,0,0,0,0,"HKO",39,15.4586206896552,13.351724137931,18.2172413793103,0,0,0,0,0,0,29.3435483870968,29.6816666666667,29.7806451612903,16.1646774193548,"lag1 from Dec2012+study window; HW-month p90/p95/p975 + spell proxies; TV from daily extracts when available",52.9166666666667,43.8333333333333,28,41.9166666666667,"EPD_GENERAL_STATIONS","EPD_GENERAL_STATIONS","pre_covid",0,0,0.196625,"CHP_FLU_EXPRESS_MONTHLY",4.33870967741935,2.72972486698978
"2016-04","2016-04-01",2016,4,30,30,30,30,1,1,23.5733333333333,21.8533333333333,26.01,88.8666666666667,18.9262226374903,211.4,21.5933333333333,0,0,0,0,0,0,0,0,0,0,0,0,0,0,0,0,"HKO",40,17.5161290322581,15.6516129032258,19.9903225806452,0,0,0,0,0,0,29.3435483870968,29.6816666666667,29.7806451612903,16.1646774193548,"lag1 from Dec2012+study window; HW-month p90/p95/p975 + spell proxies; TV from daily extracts when available",47,39.1538461538462,21.0769230769231,32.3076923076923,"EPD_GENERAL_STATIONS","EPD_GENERAL_STATIONS","pre_covid",0,2,0.154875,"CHP_FLU_EXPRESS_MONTHLY",4.15666666666667,1.88330841200071
"2016-05","2016-05-01",2016,5,31,31,31,31,1,1,26.7322580645161,24.9161290322581,29.1032258064516,83.4193548387097,21.2289481334585,233.6,23.6096774193548,2,0,0,0,2,0,0,5,0,0,2,2,0,0,1,1,"HKO",41,23.5733333333333,21.8533333333333,26.01,0,0,0,0,0,0,29.3435483870968,29.6816666666667,29.7806451612903,16.1646774193548,"lag1 from Dec2012+study window; HW-month p90/p95/p975 + spell proxies; TV from daily extracts when available",36.3076923076923,51.0769230769231,17.5384615384615,27.4615384615385,"EPD_GENERAL_STATIONS","EPD_GENERAL_STATIONS","pre_covid",0,2,0.07338,"CHP_FLU_EXPRESS_MONTHLY",4.18709677419355,1.80838548559651
"2016-06","2016-06-01",2016,6,30,30,30,30,1,1,29.37,27.47,32.3733333333333,81.9,23.9629865448799,347.4,25.8366666666667,15,0,13,4,8,9,0,8,9,0,15,11,11,9,17,1,"HKO",42,26.7322580645161,24.9161290322581,29.1032258064516,1,0,0,0,1,1,29.3435483870968,29.6816666666667,29.7806451612903,16.1646774193548,"lag1 from Dec2012+study window; HW-month p90/p95/p975 + spell proxies; TV from daily extracts when available",34.5384615384615,27.1538461538462,9.38461538461539,17.3076923076923,"EPD_GENERAL_STATIONS","EPD_GENERAL_STATIONS","pre_covid",0,1,0.03335,"CHP_FLU_EXPRESS_MONTHLY",4.90333333333333,1.48768507976377
"2016-07","2016-07-01",2016,7,31,31,31,31,1,1,29.7806451612903,27.3548387096774,32.6290322580645,79.1935483870968,23.7140794852153,175.9,25.6548387096774,13,0,15,2,4,3,0,4,3,0,8,0,12,0,19,1,"HKO",43,29.37,27.47,32.3733333333333,1,1,1,0,1,1,29.3435483870968,29.6816666666667,29.7806451612903,16.1646774193548,"lag1 from Dec2012+study window; HW-month p90/p95/p975 + spell proxies; TV from daily extracts when available",36.2307692307692,31.0769230769231,13.3076923076923,21.9230769230769,"EPD_GENERAL_STATIONS","EPD_GENERAL_STATIONS","pre_covid",0,1,0.03746,"CHP_FLU_EXPRESS_MONTHLY",5.2741935483871,0.888226455673968
"2016-08","2016-08-01",2016,8,31,31,31,31,1,1,28.3677419354839,26.5064516129032,31.0483870967742,83.8387096774194,23.2201956280669,532.7,25.2322580645161,4,0,9,0,2,6,0,2,6,0,0,0,9,6,0,0,"HKO",44,29.7806451612903,27.3548387096774,32.6290322580645,0,0,0,0,1,0,29.3435483870968,29.6816666666667,29.7806451612903,16.1646774193548,"lag1 from Dec2012+study window; HW-month p90/p95/p975 + spell proxies; TV from daily extracts when available",44.6153846153846,41.8461538461538,17.5,27,"EPD_GENERAL_STATIONS","EPD_GENERAL_STATIONS","pre_covid",0,0,0.05845,"CHP_FLU_EXPRESS_MONTHLY",4.54193548387097,1.41454046643523
"2016-09","2016-09-01",2016,9,30,30,30,30,1,1,27.94,26.1066666666667,30.4266666666667,79.4,21.4669651324164,323.1,23.8766666666667,2,0,1,0,1,1,0,1,1,0,0,0,0,0,0,0,"HKO",45,28.3677419354839,26.5064516129032,31.0483870967742,0,0,0,0,0,0,29.3435483870968,29.6816666666667,29.7806451612903,16.1646774193548,"lag1 from Dec2012+study window; HW-month p90/p95/p975 + spell proxies; TV from daily extracts when available",45.3846153846154,51.3846153846154,21.8461538461538,33.8461538461538,"EPD_GENERAL_STATIONS","EPD_GENERAL_STATIONS","pre_covid",0,0,0.121625,"CHP_FLU_EXPRESS_MONTHLY",4.32,1.34487533071747
"2016-10","2016-10-01",2016,10,31,31,31,31,1,1,26.7548387096774,25,29.1,80.1935483870968,20.3815081516433,624.4,22.9516129032258,0,0,0,0,0,0,0,0,0,0,0,0,0,0,0,0,"HKO",46,27.94,26.1066666666667,30.4266666666667,0,0,0,0,0,0,29.3435483870968,29.6816666666667,29.7806451612903,16.1646774193548,"lag1 from Dec2012+study window; HW-month p90/p95/p975 + spell proxies; TV from daily extracts when available",35.4615384615385,42.0769230769231,19.25,28.9166666666667,"EPD_GENERAL_STATIONS","EPD_GENERAL_STATIONS","pre_covid",0,2,0.0977,"CHP_FLU_EXPRESS_MONTHLY",4.1,1.20687991937265
"2016-11","2016-11-01",2016,11,30,30,30,30,1,1,22.2633333333333,20.34,24.5166666666667,78.6333333333333,15.7071634695701,131.3,18.2733333333333,0,0,0,0,0,0,0,0,0,0,0,0,0,0,0,0,"HKO",47,26.7548387096774,25,29.1,0,0,0,0,0,0,29.3435483870968,29.6816666666667,29.7806451612903,16.1646774193548,"lag1 from Dec2012+study window; HW-month p90/p95/p975 + spell proxies; TV from daily extracts when available",42.7692307692308,46,23.0769230769231,35.0769230769231,"EPD_GENERAL_STATIONS","EPD_GENERAL_STATIONS","pre_covid",0,0,0.06935,"CHP_FLU_EXPRESS_MONTHLY",4.17666666666667,2.95838764722684
"2016-12","2016-12-01",2016,12,31,31,31,31,1,1,19.6290322580645,17.6516129032258,21.7548387096774,70.4838709677419,12.1263040898704,6.6,13.9516129032258,0,1,0,0,0,0,1,0,0,1,0,0,0,0,0,0,"HKO",48,22.2633333333333,20.34,24.5166666666667,0,0,0,0,0,0,29.3435483870968,29.6816666666667,29.7806451612903,16.1646774193548,"lag1 from Dec2012+study window; HW-month p90/p95/p975 + spell proxies; TV from daily extracts when available",52.6153846153846,54.4615384615385,35.25,54.1666666666667,"EPD_GENERAL_STATIONS","EPD_GENERAL_STATIONS","pre_covid",0,2,0.052625,"CHP_FLU_EXPRESS_MONTHLY",4.10322580645161,2.33340860093656
"2017-01","2017-01-01",2017,1,31,31,31,31,1,1,18.558064516129,17.0451612903226,20.5870967741935,78.741935483871,12.5889015945628,7.8,14.6838709677419,0,0,0,0,0,0,0,0,0,0,0,0,0,0,0,0,"HKO",49,19.6290322580645,17.6516129032258,21.7548387096774,0,0,0,0,0,0,29.3435483870968,29.6816666666667,29.7806451612903,16.1646774193548,"lag1 from Dec2012+study window; HW-month p90/p95/p975 + spell proxies; TV from daily extracts when available",45.2307692307692,51.3076923076923,30,44.5384615384615,"EPD_GENERAL_STATIONS","EPD_GENERAL_STATIONS","pre_covid",1,3,0.0792,"CHP_FLU_EXPRESS_MONTHLY",3.54193548387097,1.9141184556776
"2017-02","2017-02-01",2017,2,28,28,28,28,1,1,16.9678571428571,14.8714285714286,19.9964285714286,74.5,10.9150528286074,19.9,12.1821428571429,0,6,0,0,0,0,3,0,0,3,0,0,0,0,0,0,"HKO",50,18.558064516129,17.0451612903226,20.5870967741935,0,0,0,0,0,0,29.3435483870968,29.6816666666667,29.7806451612903,16.1646774193548,"lag1 from Dec2012+study window; HW-month p90/p95/p975 + spell proxies; TV from daily extracts when available",43.2307692307692,56.0769230769231,26.7692307692308,39.9230769230769,"EPD_GENERAL_STATIONS","EPD_GENERAL_STATIONS","pre_covid",0,0,0.090325,"CHP_FLU_EXPRESS_MONTHLY",5.125,2.31341555592408
"2017-03","2017-03-01",2017,3,31,31,31,31,1,1,19.2677419354839,17.3451612903226,21.7387096774194,80.741935483871,13.470139001738,48,15.6741935483871,0,0,0,0,0,0,0,0,0,0,0,0,0,0,0,0,"HKO",51,16.9678571428571,14.8714285714286,19.9964285714286,0,0,0,0,0,0,29.3435483870968,29.6816666666667,29.7806451612903,16.1646774193548,"lag1 from Dec2012+study window; HW-month p90/p95/p975 + spell proxies; TV from daily extracts when available",44.8461538461538,63.3846153846154,28,46.2307692307692,"EPD_GENERAL_STATIONS","EPD_GENERAL_STATIONS","pre_covid",0,0,0.070625,"CHP_FLU_EXPRESS_MONTHLY",4.39354838709677,1.82105959938606
"2017-04","2017-04-01",2017,4,30,30,30,30,1,1,23.32,21.2166666666667,26.21,81.4,17.2437059864666,58.8,19.85,0,0,0,0,0,0,0,0,0,0,0,0,0,0,0,0,"HKO",52,19.2677419354839,17.3451612903226,21.7387096774194,0,0,0,0,0,0,29.3435483870968,29.6816666666667,29.7806451612903,16.1646774193548,"lag1 from Dec2012+study window; HW-month p90/p95/p975 + spell proxies; TV from daily extracts when available",42.5384615384615,51.0769230769231,22.4615384615385,35.1666666666667,"EPD_GENERAL_STATIONS","EPD_GENERAL_STATIONS","pre_covid",0,2,0.08042,"CHP_FLU_EXPRESS_MONTHLY",4.99333333333333,2.41381083737328
"2017-05","2017-05-01",2017,5,31,31,31,31,1,1,25.9548387096774,24.2387096774194,28.5870967741935,81.9677419354839,19.8985455599435,399.3,22.5064516129032,0,0,0,0,0,0,0,0,0,0,0,0,0,0,0,0,"HKO",53,23.32,21.2166666666667,26.21,0,0,0,0,0,0,29.3435483870968,29.6816666666667,29.7806451612903,16.1646774193548,"lag1 from Dec2012+study window; HW-month p90/p95/p975 + spell proxies; TV from daily extracts when available",45,61.8461538461538,21.1538461538462,31.8461538461538,"EPD_GENERAL_STATIONS","EPD_GENERAL_STATIONS","pre_covid",0,2,0.137225,"CHP_FLU_EXPRESS_MONTHLY",4.34838709677419,1.09204356130374
"2017-06","2017-06-01",2017,6,30,30,30,30,1,1,28.83,27.1766666666667,31.2533333333333,83.1666666666667,23.6356215602956,656,25.5966666666667,13,0,6,0,5,3,0,5,3,0,12,5,5,0,12,1,"HKO",54,25.9548387096774,24.2387096774194,28.5870967741935,0,0,0,0,1,1,29.3435483870968,29.6816666666667,29.7806451612903,16.1646774193548,"lag1 from Dec2012+study window; HW-month p90/p95/p975 + spell proxies; TV from daily extracts when available",30.3076923076923,23.9230769230769,9.30769230769231,17.3846153846154,"EPD_GENERAL_STATIONS","EPD_GENERAL_STATIONS","pre_covid",0,1,0.207525,"CHP_FLU_EXPRESS_MONTHLY",4.07666666666667,1.40470882981197
"2017-07","2017-07-01",2017,7,31,31,31,31,1,1,28.6967741935484,26.8903225806452,31.4064516129032,83.4193548387097,23.5113993652407,570,25.4935483870968,6,0,7,0,5,3,0,6,3,0,5,5,5,0,7,1,"HKO",55,28.83,27.1766666666667,31.2533333333333,0,0,0,0,1,1,29.3435483870968,29.6816666666667,29.7806451612903,16.1646774193548,"lag1 from Dec2012+study window; HW-month p90/p95/p975 + spell proxies; TV from daily extracts when available",28.4615384615385,28.8461538461538,10.6923076923077,17.2307692307692,"EPD_GENERAL_STATIONS","EPD_GENERAL_STATIONS","pre_covid",0,1,0.35112,"CHP_FLU_EXPRESS_MONTHLY",4.51612903225806,1.43770276737295
"2017-08","2017-08-01",2017,8,31,31,31,31,1,1,29.3483870967742,27.2935483870968,32.0741935483871,79.6129032258064,23.2616780266514,489.1,25.3290322580645,14,0,10,1,6,6,0,6,6,0,12,12,6,6,14,1,"HKO",56,28.6967741935484,26.8903225806452,31.4064516129032,1,0,0,0,1,1,29.3435483870968,29.6816666666667,29.7806451612903,16.1646774193548,"lag1 from Dec2012+study window; HW-month p90/p95/p975 + spell proxies; TV from daily extracts when available",35.4615384615385,31.2307692307692,12.6153846153846,21.4615384615385,"EPD_GENERAL_STATIONS","EPD_GENERAL_STATIONS","pre_covid",0,0,0.110125,"CHP_FLU_EXPRESS_MONTHLY",4.78064516129032,1.43779251348307
"2017-09","2017-09-01",2017,9,30,30,30,30,1,1,29.0433333333333,27.2,31.86,79.6333333333333,22.9073516167859,192.4,25.0466666666667,4,0,5,0,2,3,0,2,3,0,0,0,3,0,0,0,"HKO",57,29.3483870967742,27.2935483870968,32.0741935483871,0,0,0,0,1,0,29.3435483870968,29.6816666666667,29.7806451612903,16.1646774193548,"lag1 from Dec2012+study window; HW-month p90/p95/p975 + spell proxies; TV from daily extracts when available",42.6153846153846,51,19.5384615384615,29.9230769230769,"EPD_GENERAL_STATIONS","EPD_GENERAL_STATIONS","pre_covid",0,0,0.028875,"CHP_FLU_EXPRESS_MONTHLY",4.66,0.918275495185117
"2017-10","2017-10-01",2017,10,31,31,31,31,1,1,26.2935483870968,24.3548387096774,29.041935483871,71.0645161290323,17.9201877783552,99.6,20.4451612903226,4,0,1,0,3,1,0,3,1,0,3,0,0,0,0,0,"HKO",58,29.0433333333333,27.2,31.86,0,0,0,0,0,1,29.3435483870968,29.6816666666667,29.7806451612903,16.1646774193548,"lag1 from Dec2012+study window; HW-month p90/p95/p975 + spell proxies; TV from daily extracts when available",35,70.4615384615385,22.4615384615385,38.2307692307692,"EPD_GENERAL_STATIONS","EPD_GENERAL_STATIONS","pre_covid",0,2,0.02026,"CHP_FLU_EXPRESS_MONTHLY",4.68709677419355,2.5929308364437
"2017-11","2017-11-01",2017,11,30,30,30,30,1,1,22.1866666666667,20.4566666666667,24.3566666666667,75.8666666666667,14.9992955885996,31.2,17.5766666666667,0,0,0,0,0,0,0,0,0,0,0,0,0,0,0,0,"HKO",59,26.2935483870968,24.3548387096774,29.041935483871,0,0,0,0,0,0,29.3435483870968,29.6816666666667,29.7806451612903,16.1646774193548,"lag1 from Dec2012+study window; HW-month p90/p95/p975 + spell proxies; TV from daily extracts when available",41.9230769230769,56.6153846153846,25.3846153846154,41.7692307692308,"EPD_GENERAL_STATIONS","EPD_GENERAL_STATIONS","pre_covid",0,0,0.0217,"CHP_FLU_EXPRESS_MONTHLY",3.9,2.22799327265333
"2017-12","2017-12-01",2017,12,31,31,31,31,1,1,17.8548387096774,15.9516129032258,20.1258064516129,66.1935483870968,10.270161749399,0,11.2064516129032,0,3,0,0,0,0,3,0,0,3,0,0,0,0,0,0,"HKO",60,22.1866666666667,20.4566666666667,24.3566666666667,0,0,0,0,0,0,29.3435483870968,29.6816666666667,29.7806451612903,16.1646774193548,"lag1 from Dec2012+study window; HW-month p90/p95/p975 + spell proxies; TV from daily extracts when available",47.5384615384615,66.1538461538462,33.7692307692308,55.6153846153846,"EPD_GENERAL_STATIONS","EPD_GENERAL_STATIONS","pre_covid",0,2,0.07028,"CHP_FLU_EXPRESS_MONTHLY",4.1741935483871,2.2537137809517
"2018-01","2018-01-01",2018,1,31,31,31,31,1,1,16.0612903225806,14.1193548387097,18.4935483870968,76.7741935483871,10.7222094688261,62.2,11.7096774193548,0,9,0,0,0,0,3,0,0,11,0,0,0,0,0,0,"HKO",61,17.8548387096774,15.9516129032258,20.1258064516129,0,0,0,1,0,0,29.3435483870968,29.6816666666667,29.7806451612903,16.1646774193548,"lag1 from Dec2012+study window; HW-month p90/p95/p975 + spell proxies; TV from daily extracts when available",45.4615384615385,52.2307692307692,26.6923076923077,41.6153846153846,"EPD_GENERAL_STATIONS","EPD_GENERAL_STATIONS","pre_covid",0,1,0.2209,"CHP_FLU_EXPRESS_MONTHLY",4.3741935483871,3.24927452614219
"2018-02","2018-02-01",2018,2,28,28,28,28,1,1,16.0428571428571,13.875,18.7392857142857,70.4642857142857,10.0895192814348,4.5,10.4321428571429,0,9,0,0,0,0,8,0,0,11,0,0,0,0,0,0,"HKO",62,16.0612903225806,14.1193548387097,18.4935483870968,0,0,0,1,0,0,29.3435483870968,29.6816666666667,29.7806451612903,16.1646774193548,"lag1 from Dec2012+study window; HW-month p90/p95/p975 + spell proxies; TV from daily extracts when available",48.7692307692308,50,28.6923076923077,44.1538461538462,"EPD_GENERAL_STATIONS","EPD_GENERAL_STATIONS","pre_covid",1,3,0.2406,"CHP_FLU_EXPRESS_MONTHLY",4.86428571428571,3.74714000286328
"2018-03","2018-03-01",2018,3,31,31,31,31,1,1,20.841935483871,18.6387096774194,24.3612903225806,75.7096774193548,13.9408785391876,22.7,16.1935483870968,0,1,0,0,0,0,1,0,0,1,0,0,0,0,0,0,"HKO",63,16.0428571428571,13.875,18.7392857142857,0,0,0,0,0,0,29.3435483870968,29.6816666666667,29.7806451612903,16.1646774193548,"lag1 from Dec2012+study window; HW-month p90/p95/p975 + spell proxies; TV from daily extracts when available",42.8461538461538,62.0769230769231,22.4615384615385,37.2307692307692,"EPD_GENERAL_STATIONS","EPD_GENERAL_STATIONS","pre_covid",0,0,0.11015,"CHP_FLU_EXPRESS_MONTHLY",5.72258064516129,2.48284436262772
"2018-04","2018-04-01",2018,4,30,30,30,30,1,1,23.6466666666667,21.67,26.9166666666667,77.9,16.8276003262421,28.1,19.3633333333333,0,0,0,0,0,0,0,0,0,0,0,0,0,0,0,0,"HKO",64,20.841935483871,18.6387096774194,24.3612903225806,0,0,0,0,0,0,29.3435483870968,29.6816666666667,29.7806451612903,16.1646774193548,"lag1 from Dec2012+study window; HW-month p90/p95/p975 + spell proxies; TV from daily extracts when available",37.4615384615385,55.6153846153846,22.6923076923077,41.7692307692308,"EPD_GENERAL_STATIONS","EPD_GENERAL_STATIONS","pre_covid",0,2,0.02762,"CHP_FLU_EXPRESS_MONTHLY",5.24666666666667,2.27410207112281
"2018-05","2018-05-01",2018,5,31,31,31,31,1,1,28.3290322580645,26.1193548387097,31.7258064516129,76.741935483871,21.2120950482616,57.5,23.6741935483871,6,0,16,3,3,15,0,3,16,0,3,0,15,15,6,1,"HKO",65,23.6466666666667,21.67,26.9166666666667,0,0,0,0,1,1,29.3435483870968,29.6816666666667,29.7806451612903,16.1646774193548,"lag1 from Dec2012+study window; HW-month p90/p95/p975 + spell proxies; TV from daily extracts when available",32.2307692307692,41.8461538461538,13.3076923076923,22.3076923076923,"EPD_GENERAL_STATIONS","EPD_GENERAL_STATIONS","pre_covid",0,2,0.0136,"CHP_FLU_EXPRESS_MONTHLY",5.60645161290323,2.39488253690894
"2018-06","2018-06-01",2018,6,30,30,30,30,1,1,28.6233333333333,26.7633333333333,31.32,80.2666666666667,22.5333906104909,458.8,24.7366666666667,6,0,4,1,3,2,0,3,16,0,5,0,3,1,2,1,"HKO",66,28.3290322580645,26.1193548387097,31.7258064516129,0,0,0,0,1,1,29.3435483870968,29.6816666666667,29.7806451612903,16.1646774193548,"lag1 from Dec2012+study window; HW-month p90/p95/p975 + spell proxies; TV from daily extracts when available",32.1538461538462,50.1538461538462,12.9230769230769,21.9230769230769,"EPD_GENERAL_STATIONS","EPD_GENERAL_STATIONS","pre_covid",0,1,0.01165,"CHP_FLU_EXPRESS_MONTHLY",4.55666666666667,1.21872837440289
"2018-07","2018-07-01",2018,7,31,31,31,31,1,1,29.1161290322581,27,31.7774193548387,81.1612903225806,23.4299370668146,341.1,25.441935483871,7,0,8,0,2,5,0,3,5,0,1,0,5,5,0,0,"HKO",67,28.6233333333333,26.7633333333333,31.32,0,0,0,0,1,0,29.3435483870968,29.6816666666667,29.7806451612903,16.1646774193548,"lag1 from Dec2012+study window; HW-month p90/p95/p975 + spell proxies; TV from daily extracts when available",25.5384615384615,31.1538461538462,9.61538461538461,19.1538461538462,"EPD_GENERAL_STATIONS","EPD_GENERAL_STATIONS","pre_covid",0,1,0.02274,"CHP_FLU_EXPRESS_MONTHLY",4.77741935483871,1.11388113494919
"2018-08","2018-08-01",2018,8,31,31,31,31,1,1,28.5806451612903,26.6741935483871,31.0290322580645,83.7741935483871,23.4658216548137,615.1,25.4741935483871,5,0,5,0,3,5,0,3,5,0,3,0,5,5,9,1,"HKO",68,29.1161290322581,27,31.7774193548387,0,0,0,0,1,1,29.3435483870968,29.6816666666667,29.7806451612903,16.1646774193548,"lag1 from Dec2012+study window; HW-month p90/p95/p975 + spell proxies; TV from daily extracts when available",39.6923076923077,46.7692307692308,15.8461538461538,24.1538461538462,"EPD_GENERAL_STATIONS","EPD_GENERAL_STATIONS","pre_covid",0,0,0.023575,"CHP_FLU_EXPRESS_MONTHLY",4.35483870967742,1.25284193066237
"2018-09","2018-09-01",2018,9,30,30,30,30,1,1,28.0066666666667,25.9866666666667,30.9966666666667,78.2,21.2751107114637,383.3,23.6833333333333,2,0,3,1,2,1,0,2,1,0,0,0,0,0,0,0,"HKO",69,28.5806451612903,26.6741935483871,31.0290322580645,0,0,0,0,0,0,29.3435483870968,29.6816666666667,29.7806451612903,16.1646774193548,"lag1 from Dec2012+study window; HW-month p90/p95/p975 + spell proxies; TV from daily extracts when available",40.9166666666667,48.8333333333333,18.9166666666667,30.5833333333333,"EPD_GENERAL_STATIONS","EPD_GENERAL_STATIONS","pre_covid",0,0,0.03182,"CHP_FLU_EXPRESS_MONTHLY",5.01,1.16053891563904
"2018-10","2018-10-01",2018,10,31,31,31,31,1,1,25.341935483871,23.4258064516129,27.9838709677419,69.0967741935484,16.1587763532502,104.3,18.6935483870968,0,0,0,0,0,0,0,0,0,0,0,0,0,0,0,0,"HKO",70,28.0066666666667,25.9866666666667,30.9966666666667,0,0,0,0,0,0,29.3435483870968,29.6816666666667,29.7806451612903,16.1646774193548,"lag1 from Dec2012+study window; HW-month p90/p95/p975 + spell proxies; TV from daily extracts when available",42,85.7692307692308,24.5384615384615,42.7692307692308,"EPD_GENERAL_STATIONS","EPD_GENERAL_STATIONS","pre_covid",0,2,0.022175,"CHP_FLU_EXPRESS_MONTHLY",4.55806451612903,1.26564191711779
"2018-11","2018-11-01",2018,11,30,30,30,30,1,1,22.8966666666667,21.4366666666667,24.7966666666667,77.4333333333333,15.8539564211862,73.4,18.5966666666667,0,0,0,0,0,0,0,0,0,0,0,0,0,0,0,0,"HKO",71,25.341935483871,23.4258064516129,27.9838709677419,0,0,0,0,0,0,29.3435483870968,29.6816666666667,29.7806451612903,16.1646774193548,"lag1 from Dec2012+study window; HW-month p90/p95/p975 + spell proxies; TV from daily extracts when available",38.3846153846154,60.8461538461538,22,36.2307692307692,"EPD_GENERAL_STATIONS","EPD_GENERAL_STATIONS","pre_covid",0,0,0.04025,"CHP_FLU_EXPRESS_MONTHLY",3.36,1.77850835084432
"2018-12","2018-12-01",2018,12,31,31,31,31,1,1,19.2225806451613,17.5903225806452,21.258064516129,75.9677419354839,12.8733058699357,11.9,14.8129032258065,0,2,0,0,0,0,2,0,0,3,0,0,0,0,0,0,"HKO",72,22.8966666666667,21.4366666666667,24.7966666666667,0,0,0,0,0,0,29.3435483870968,29.6816666666667,29.7806451612903,16.1646774193548,"lag1 from Dec2012+study window; HW-month p90/p95/p975 + spell proxies; TV from daily extracts when available",42.6923076923077,37.3076923076923,21.4615384615385,36.8461538461538,"EPD_GENERAL_STATIONS","EPD_GENERAL_STATIONS","pre_covid",0,2,0.11498,"CHP_FLU_EXPRESS_MONTHLY",3.66774193548387,3.1790679637717
"2019-01","2019-01-01",2019,1,31,31,31,31,1,1,18.1354838709677,16.3967741935484,20.3516129032258,75.9032258064516,11.8675290065216,4.7,13.7096774193548,0,1,0,0,0,0,1,0,0,3,0,0,0,0,0,0,"HKO",73,19.2225806451613,17.5903225806452,21.258064516129,0,0,0,0,0,0,29.3435483870968,29.6816666666667,29.7806451612903,16.1646774193548,"lag1 from Dec2012+study window; HW-month p90/p95/p975 + spell proxies; TV from daily extracts when available",55.3846153846154,47.0769230769231,30.7692307692308,48.9230769230769,"EPD_GENERAL_STATIONS","EPD_GENERAL_STATIONS","pre_covid",0,1,0.253175,"CHP_FLU_EXPRESS_MONTHLY",3.95483870967742,1.73331058711295
"2019-02","2019-02-01",2019,2,28,28,28,28,1,1,20.1214285714286,18.4214285714286,22.6357142857143,84.8928571428571,14.8369321717273,68.7,17.4642857142857,0,0,0,0,0,0,0,0,0,0,0,0,0,0,0,0,"HKO",74,18.1354838709677,16.3967741935484,20.3516129032258,0,0,0,0,0,0,29.3435483870968,29.6816666666667,29.7806451612903,16.1646774193548,"lag1 from Dec2012+study window; HW-month p90/p95/p975 + spell proxies; TV from daily extracts when available",35.6153846153846,46.3076923076923,17.3846153846154,28.7692307692308,"EPD_GENERAL_STATIONS","EPD_GENERAL_STATIONS","pre_covid",1,3,0.14915,"CHP_FLU_EXPRESS_MONTHLY",4.21428571428571,1.75147707883145
"2019-03","2019-03-01",2019,3,31,31,31,31,1,1,21.0322580645161,19.3548387096774,23.3,84.3870967741936,15.5783059954788,186.5,18.2096774193548,0,0,0,0,0,0,0,0,0,0,0,0,0,0,0,0,"HKO",75,20.1214285714286,18.4214285714286,22.6357142857143,0,0,0,0,0,0,29.3435483870968,29.6816666666667,29.7806451612903,16.1646774193548,"lag1 from Dec2012+study window; HW-month p90/p95/p975 + spell proxies; TV from daily extracts when available",38.8461538461538,56.3846153846154,18.1538461538462,29.4615384615385,"EPD_GENERAL_STATIONS","EPD_GENERAL_STATIONS","pre_covid",0,0,0.09616,"CHP_FLU_EXPRESS_MONTHLY",3.94516129032258,2.34398337547776
"2019-04","2019-04-01",2019,4,30,30,30,30,1,1,24.6966666666667,22.9266666666667,27.24,83.9666666666667,19.0956104055481,185.8,21.6966666666667,0,0,0,0,0,0,0,0,0,0,0,0,0,0,0,0,"HKO",76,21.0322580645161,19.3548387096774,23.3,0,0,0,0,0,0,29.3435483870968,29.6816666666667,29.7806451612903,16.1646774193548,"lag1 from Dec2012+study window; HW-month p90/p95/p975 + spell proxies; TV from daily extracts when available",36.2307692307692,55.3846153846154,16.6153846153846,25.2307692307692,"EPD_GENERAL_STATIONS","EPD_GENERAL_STATIONS","pre_covid",0,2,0.053075,"CHP_FLU_EXPRESS_MONTHLY",4.31333333333333,2.51032122320594
"2019-05","2019-05-01",2019,5,31,31,31,31,1,1,25.3290322580645,23.658064516129,27.2258064516129,85.7096774193548,20.2507568603425,234.6,22.6870967741935,3,0,0,0,3,0,0,3,0,0,3,0,0,0,0,0,"HKO",77,24.6966666666667,22.9266666666667,27.24,0,0,0,0,0,1,29.3435483870968,29.6816666666667,29.7806451612903,16.1646774193548,"lag1 from Dec2012+study window; HW-month p90/p95/p975 + spell proxies; TV from daily extracts when available",32.4615384615385,62.4615384615385,14.6923076923077,25.2307692307692,"EPD_GENERAL_STATIONS","EPD_GENERAL_STATIONS","pre_covid",0,2,0.06245,"CHP_FLU_EXPRESS_MONTHLY",3.56774193548387,2.72288983109087
"2019-06","2019-06-01",2019,6,30,30,30,30,1,1,29,26.9833333333333,31.5066666666667,82.9,23.8084036451502,429.1,25.69,11,0,5,0,4,2,0,4,3,0,11,0,4,0,12,1,"HKO",78,25.3290322580645,23.658064516129,27.2258064516129,0,0,0,0,1,1,29.3435483870968,29.6816666666667,29.7806451612903,16.1646774193548,"lag1 from Dec2012+study window; HW-month p90/p95/p975 + spell proxies; TV from daily extracts when available",31.6923076923077,36.5384615384615,9.15384615384615,16,"EPD_GENERAL_STATIONS","EPD_GENERAL_STATIONS","pre_covid",0,1,0.0793,"CHP_FLU_EXPRESS_MONTHLY",4.52333333333333,1.25450910855533
"2019-07","2019-07-01",2019,7,31,31,31,31,1,1,29.5064516129032,27.7,32.0516129032258,81.3548387096774,24.003562477982,328.5,25.8967741935484,15,0,8,1,7,4,0,7,4,0,15,12,7,0,19,1,"HKO",79,29,26.9833333333333,31.5066666666667,1,0,0,0,1,1,29.3435483870968,29.6816666666667,29.7806451612903,16.1646774193548,"lag1 from Dec2012+study window; HW-month p90/p95/p975 + spell proxies; TV from daily extracts when available",29.3846153846154,36.6153846153846,12.5384615384615,22.8461538461538,"EPD_GENERAL_STATIONS","EPD_GENERAL_STATIONS","pre_covid",0,1,0.073625,"CHP_FLU_EXPRESS_MONTHLY",4.35161290322581,1.06048274663663
"2019-08","2019-08-01",2019,8,31,31,31,31,1,1,29.0354838709677,26.9032258064516,31.858064516129,82.1612903225806,23.6027874150757,596.4,25.5516129032258,9,0,11,1,5,4,0,5,4,0,5,5,7,0,11,1,"HKO",80,29.5064516129032,27.7,32.0516129032258,0,0,0,0,1,1,29.3435483870968,29.6816666666667,29.7806451612903,16.1646774193548,"lag1 from Dec2012+study window; HW-month p90/p95/p975 + spell proxies; TV from daily extracts when available",33.7692307692308,50.8461538461538,14.6923076923077,23.7692307692308,"EPD_GENERAL_STATIONS","EPD_GENERAL_STATIONS","pre_covid",0,0,0.034175,"CHP_FLU_EXPRESS_MONTHLY",4.95483870967742,1.51669561593546
"2019-09","2019-09-01",2019,9,30,30,30,30,1,1,28.7433333333333,26.6266666666667,31.7533333333333,73,20.6981958014414,198.9,23.0566666666667,7,0,8,0,7,7,0,7,7,0,7,7,8,7,11,1,"HKO",81,29.0354838709677,26.9032258064516,31.858064516129,0,0,0,0,1,1,29.3435483870968,29.6816666666667,29.7806451612903,16.1646774193548,"lag1 from Dec2012+study window; HW-month p90/p95/p975 + spell proxies; TV from daily extracts when available",36.9230769230769,83.7692307692308,20.0769230769231,32.7692307692308,"EPD_GENERAL_STATIONS","EPD_GENERAL_STATIONS","pre_covid",0,0,0.02676,"CHP_FLU_EXPRESS_MONTHLY",5.12666666666667,1.09974396184257
"2019-10","2019-10-01",2019,10,31,31,31,31,1,1,26.5967741935484,24.5967741935484,29.4838709677419,73,18.4468291379456,149.5,21.2225806451613,1,0,1,0,1,1,0,1,2,0,0,0,1,0,0,0,"HKO",82,28.7433333333333,26.6266666666667,31.7533333333333,0,0,0,0,0,0,29.3435483870968,29.6816666666667,29.7806451612903,16.1646774193548,"lag1 from Dec2012+study window; HW-month p90/p95/p975 + spell proxies; TV from daily extracts when available",38.1538461538462,93.1538461538462,25.7692307692308,41,"EPD_GENERAL_STATIONS","EPD_GENERAL_STATIONS","pre_covid",0,2,0.015625,"CHP_FLU_EXPRESS_MONTHLY",4.88709677419355,1.72539538868974
"2019-11","2019-11-01",2019,11,30,30,30,30,1,1,22.9733333333333,20.9733333333333,26.0966666666667,68.8,14.1802899435885,0,16.78,0,0,0,0,0,0,0,0,0,0,0,0,0,0,0,0,"HKO",83,26.5967741935484,24.5967741935484,29.4838709677419,0,0,0,0,0,0,29.3435483870968,29.6816666666667,29.7806451612903,16.1646774193548,"lag1 from Dec2012+study window; HW-month p90/p95/p975 + spell proxies; TV from daily extracts when available",43.2307692307692,86.4615384615385,25.6923076923077,48.3076923076923,"EPD_GENERAL_STATIONS","EPD_GENERAL_STATIONS","pre_covid",0,0,0.015875,"CHP_FLU_EXPRESS_MONTHLY",5.12333333333333,1.54270996074716
"2019-12","2019-12-01",2019,12,31,31,31,31,1,1,19.0709677419355,17.0032258064516,21.8935483870968,69.5161290322581,11.6137117963164,13.5,12.9354838709677,0,0,0,0,0,0,0,0,0,0,0,0,0,0,0,0,"HKO",84,22.9733333333333,20.9733333333333,26.0966666666667,0,0,0,0,0,0,29.3435483870968,29.6816666666667,29.7806451612903,16.1646774193548,"lag1 from Dec2012+study window; HW-month p90/p95/p975 + spell proxies; TV from daily extracts when available",49.3846153846154,57.4615384615385,24.5384615384615,42.9230769230769,"EPD_GENERAL_STATIONS","EPD_GENERAL_STATIONS","pre_covid",0,2,0.0539,"CHP_FLU_EXPRESS_MONTHLY",4.89032258064516,1.91558407948892
"2020-01","2020-01-01",2020,1,31,31,31,31,1,1,18.5612903225806,16.8387096774194,21.1903225806452,75.7096774193548,12.2828402117813,14.8,14.0258064516129,0,5,0,0,0,0,5,0,0,5,0,0,0,0,0,0,"HKO",85,19.0709677419355,17.0032258064516,21.8935483870968,0,0,0,0,0,0,29.3435483870968,29.6816666666667,29.7806451612903,16.1646774193548,"lag1 from Dec2012+study window; HW-month p90/p95/p975 + spell proxies; TV from daily extracts when available",37.6923076923077,57.6153846153846,20,32,"EPD_GENERAL_STATIONS","EPD_GENERAL_STATIONS","pre_covid",1,3,0.171925,"CHP_FLU_EXPRESS_MONTHLY",4.35161290322581,2.5106011789151
"2020-02","2020-02-01",2020,2,29,29,29,29,1,1,18.4689655172414,16.5586206896552,21.448275862069,78.3448275862069,12.5885091669088,79.8,14.4931034482759,0,3,0,0,0,0,3,0,0,3,0,0,0,0,0,0,"HKO",86,18.5612903225806,16.8387096774194,21.1903225806452,0,0,0,0,0,0,29.3435483870968,29.6816666666667,29.7806451612903,16.1646774193548,"lag1 from Dec2012+study window; HW-month p90/p95/p975 + spell proxies; TV from daily extracts when available",32.6153846153846,54.6153846153846,16.1538461538462,27.0769230769231,"EPD_GENERAL_STATIONS","EPD_GENERAL_STATIONS","early_covid",0,0,0.02075,"CHP_FLU_EXPRESS_MONTHLY",4.88965517241379,2.40907561529252
"2020-03","2020-03-01",2020,3,31,31,31,31,1,1,21.2967741935484,19.7129032258064,23.7870967741936,84.4838709677419,15.8132826262705,41.3,18.4741935483871,0,0,0,0,0,0,0,0,0,0,0,0,0,0,0,0,"HKO",87,18.4689655172414,16.5586206896552,21.448275862069,0,0,0,0,0,0,29.3435483870968,29.6816666666667,29.7806451612903,16.1646774193548,"lag1 from Dec2012+study window; HW-month p90/p95/p975 + spell proxies; TV from daily extracts when available",33.8461538461538,56.7692307692308,17.1538461538462,30,"EPD_GENERAL_STATIONS","EPD_GENERAL_STATIONS","early_covid",0,0,0.00266,"CHP_FLU_EXPRESS_MONTHLY",4.0741935483871,1.76379966189809
"2020-04","2020-04-01",2020,4,30,30,30,30,1,1,22.02,19.9733333333333,25.1366666666667,77.8333333333333,15.1887130117053,77.8,17.67,0,0,0,0,0,0,0,0,0,0,0,0,0,0,0,0,"HKO",88,21.2967741935484,19.7129032258064,23.7870967741936,0,0,0,0,0,0,29.3435483870968,29.6816666666667,29.7806451612903,16.1646774193548,"lag1 from Dec2012+study window; HW-month p90/p95/p975 + spell proxies; TV from daily extracts when available",37.0769230769231,66.0769230769231,17.3076923076923,29.3076923076923,"EPD_GENERAL_STATIONS","EPD_GENERAL_STATIONS","early_covid",0,2,0.000125,"CHP_FLU_EXPRESS_MONTHLY",5.16333333333333,2.46372300279125
"2020-05","2020-05-01",2020,5,31,31,31,31,1,1,27.7290322580645,25.9129032258065,30.4387096774194,83.0322580645161,22.2578682765538,352.5,24.5193548387097,1,0,1,0,1,1,0,1,1,0,0,0,0,0,0,0,"HKO",89,22.02,19.9733333333333,25.1366666666667,0,0,0,0,0,0,29.3435483870968,29.6816666666667,29.7806451612903,16.1646774193548,"lag1 from Dec2012+study window; HW-month p90/p95/p975 + spell proxies; TV from daily extracts when available",32.7692307692308,41.8461538461538,10.9230769230769,18.4615384615385,"EPD_GENERAL_STATIONS","EPD_GENERAL_STATIONS","early_covid",0,2,1e-04,"CHP_FLU_EXPRESS_MONTHLY",4.5258064516129,1.13024880694093
"2020-06","2020-06-01",2020,6,30,30,30,30,1,1,29.65,27.8,32.2533333333333,78.5333333333333,23.3535127810363,397.2,25.4233333333333,18,0,6,1,12,3,0,13,3,0,15,12,6,0,12,1,"HKO",90,27.7290322580645,25.9129032258065,30.4387096774194,1,0,0,0,1,1,29.3435483870968,29.6816666666667,29.7806451612903,16.1646774193548,"lag1 from Dec2012+study window; HW-month p90/p95/p975 + spell proxies; TV from daily extracts when available",22.8461538461538,25.8461538461538,5.30769230769231,11.4615384615385,"EPD_GENERAL_STATIONS","EPD_GENERAL_STATIONS","early_covid",0,1,0,"CHP_FLU_EXPRESS_MONTHLY",4.45333333333333,0.920176145056496
"2020-07","2020-07-01",2020,7,31,31,31,31,1,1,30.2354838709677,28.258064516129,33.3064516129032,76.4838709677419,23.497608014524,125.4,25.5258064516129,21,0,20,2,11,10,0,13,10,0,17,17,20,15,30,1,"HKO",91,29.65,27.8,32.2533333333333,1,1,1,0,1,1,29.3435483870968,29.6816666666667,29.7806451612903,16.1646774193548,"lag1 from Dec2012+study window; HW-month p90/p95/p975 + spell proxies; TV from daily extracts when available",22.0666666666667,26.5333333333333,5.33333333333333,11,"EPD_GENERAL_STATIONS","EPD_GENERAL_STATIONS","early_covid",0,1,0,"CHP_FLU_EXPRESS_MONTHLY",5.04838709677419,0.558896762736956
"2020-08","2020-08-01",2020,8,31,31,31,31,1,1,29.0193548387097,26.8838709677419,32.158064516129,81.5161290322581,23.4066276045232,448.4,25.4129032258065,6,0,16,0,2,5,0,6,5,0,2,2,16,10,10,1,"HKO",92,30.2354838709677,28.258064516129,33.3064516129032,0,0,0,0,1,0,29.3435483870968,29.6816666666667,29.7806451612903,16.1646774193548,"lag1 from Dec2012+study window; HW-month p90/p95/p975 + spell proxies; TV from daily extracts when available",27,37.1333333333333,9.46666666666667,16.2666666666667,"EPD_GENERAL_STATIONS","EPD_GENERAL_STATIONS","early_covid",0,0,0,"CHP_FLU_EXPRESS_MONTHLY",5.2741935483871,1.1923140958765
"2020-09","2020-09-01",2020,9,30,30,30,30,1,1,28.4133333333333,26.59,31.1966666666667,83.5333333333333,23.2278019876473,708.8,25.3066666666667,4,0,4,0,4,3,0,6,4,0,4,4,3,0,6,1,"HKO",93,29.0193548387097,26.8838709677419,32.158064516129,0,0,0,0,1,1,29.3435483870968,29.6816666666667,29.7806451612903,16.1646774193548,"lag1 from Dec2012+study window; HW-month p90/p95/p975 + spell proxies; TV from daily extracts when available",34.6,53.9333333333333,12.7333333333333,20.8666666666667,"EPD_GENERAL_STATIONS","EPD_GENERAL_STATIONS","early_covid",0,0,0.000175,"CHP_FLU_EXPRESS_MONTHLY",4.60666666666667,0.980405733509781
"2020-10","2020-10-01",2020,10,31,31,31,31,1,1,25.5935483870968,23.7161290322581,28.5032258064516,71.5483870967742,17.1319951013831,142.4,19.9322580645161,0,0,0,0,0,0,0,0,0,0,0,0,0,0,0,0,"HKO",94,28.4133333333333,26.59,31.1966666666667,0,0,0,0,0,0,29.3435483870968,29.6816666666667,29.7806451612903,16.1646774193548,"lag1 from Dec2012+study window; HW-month p90/p95/p975 + spell proxies; TV from daily extracts when available",30,80.8666666666667,18.4666666666667,35.6,"EPD_GENERAL_STATIONS","EPD_GENERAL_STATIONS","early_covid",0,2,0.0011,"CHP_FLU_EXPRESS_MONTHLY",4.78709677419355,1.43176708624249
"2020-11","2020-11-01",2020,11,30,30,30,30,1,1,23.51,21.6633333333333,26.38,71.4666666666667,15.2039850139341,5.1,17.8533333333333,0,0,0,0,0,0,0,0,0,0,0,0,0,0,0,0,"HKO",95,25.5935483870968,23.7161290322581,28.5032258064516,0,0,0,0,0,0,29.3435483870968,29.6816666666667,29.7806451612903,16.1646774193548,"lag1 from Dec2012+study window; HW-month p90/p95/p975 + spell proxies; TV from daily extracts when available",37.8,74.5333333333333,20.4,40.0666666666667,"EPD_GENERAL_STATIONS","EPD_GENERAL_STATIONS","early_covid",0,0,0.00198,"CHP_FLU_EXPRESS_MONTHLY",4.71666666666667,1.6586970374571
"2020-12","2020-12-01",2020,12,31,31,31,31,1,1,18.1096774193548,15.8870967741935,20.7483870967742,68.8709677419355,10.8945768657944,1.5,12.1322580645161,0,3,0,0,0,0,2,0,0,4,0,0,0,0,0,0,"HKO",96,23.51,21.6633333333333,26.38,0,0,0,0,0,0,29.3435483870968,29.6816666666667,29.7806451612903,16.1646774193548,"lag1 from Dec2012+study window; HW-month p90/p95/p975 + spell proxies; TV from daily extracts when available",43.6666666666667,50.2666666666667,24.8666666666667,43.6,"EPD_GENERAL_STATIONS","EPD_GENERAL_STATIONS","early_covid",0,2,0.002275,"CHP_FLU_EXPRESS_MONTHLY",4.86129032258065,2.60222402811002
"2021-01","2021-01-01",2021,1,31,31,31,31,1,1,16.2096774193548,13.841935483871,19.3161290322581,61.8064516129032,8.93777380543689,0,8.4741935483871,0,11,0,0,0,0,8,0,0,8,0,0,0,0,0,0,"HKO",97,18.1096774193548,15.8870967741935,20.7483870967742,0,0,0,0,0,0,29.3435483870968,29.6816666666667,29.7806451612903,16.1646774193548,"lag1 from Dec2012+study window; HW-month p90/p95/p975 + spell proxies; TV from daily extracts when available",50.9333333333333,62.8666666666667,25.8666666666667,48.2666666666667,"EPD_GENERAL_STATIONS","EPD_GENERAL_STATIONS","early_covid",0,1,0.00038,"CHP_FLU_EXPRESS_MONTHLY",5.4741935483871,3.13308738453618
"2021-02","2021-02-01",2021,2,28,28,28,28,1,1,19.7535714285714,17.4857142857143,23.4571428571429,75.4642857142857,12.881902652393,62.1,15.0964285714286,0,0,0,0,0,0,0,0,0,0,0,0,0,0,0,0,"HKO",98,16.2096774193548,13.841935483871,19.3161290322581,0,0,0,0,0,0,29.3435483870968,29.6816666666667,29.7806451612903,16.1646774193548,"lag1 from Dec2012+study window; HW-month p90/p95/p975 + spell proxies; TV from daily extracts when available",40,62.6,17.6666666666667,29.6666666666667,"EPD_GENERAL_STATIONS","EPD_GENERAL_STATIONS","early_covid",1,3,1e-04,"CHP_FLU_EXPRESS_MONTHLY",5.97142857142857,1.29371189844976
"2021-03","2021-03-01",2021,3,31,31,31,31,1,1,21.9935483870968,20.2258064516129,24.8225806451613,78.7741935483871,15.4300504542522,3.5,18.0096774193548,0,0,0,0,0,0,0,0,0,0,0,0,0,0,0,0,"HKO",99,19.7535714285714,17.4857142857143,23.4571428571429,0,0,0,0,0,0,29.3435483870968,29.6816666666667,29.7806451612903,16.1646774193548,"lag1 from Dec2012+study window; HW-month p90/p95/p975 + spell proxies; TV from daily extracts when available",36.1333333333333,57.8666666666667,17.3333333333333,31.6,"EPD_GENERAL_STATIONS","EPD_GENERAL_STATIONS","early_covid",0,0,0.000125,"CHP_FLU_EXPRESS_MONTHLY",4.59677419354839,2.40484725556129
"2021-04","2021-04-01",2021,4,30,30,30,30,1,1,24.1366666666667,22.3833333333333,27,78.7666666666667,17.3172064744553,32.5,20.0766666666667,0,0,0,0,0,0,0,0,0,0,0,0,0,0,0,0,"HKO",100,21.9935483870968,20.2258064516129,24.8225806451613,0,0,0,0,0,0,29.3435483870968,29.6816666666667,29.7806451612903,16.1646774193548,"lag1 from Dec2012+study window; HW-month p90/p95/p975 + spell proxies; TV from daily extracts when available",32.2,76.6,15.9333333333333,31.8,"EPD_GENERAL_STATIONS","EPD_GENERAL_STATIONS","early_covid",0,2,0.000125,"CHP_FLU_EXPRESS_MONTHLY",4.61666666666667,1.58538221940616
"2021-05","2021-05-01",2021,5,31,31,31,31,1,1,28.9870967741935,27.0290322580645,32.1258064516129,78.1935483870968,22.4965820626003,65,24.7,14,0,12,1,6,5,0,6,5,0,13,6,12,5,21,1,"HKO",101,24.1366666666667,22.3833333333333,27,0,0,0,0,1,1,29.3435483870968,29.6816666666667,29.7806451612903,16.1646774193548,"lag1 from Dec2012+study window; HW-month p90/p95/p975 + spell proxies; TV from daily extracts when available",26.8666666666667,42.1333333333333,9.13333333333333,15.8,"EPD_GENERAL_STATIONS","EPD_GENERAL_STATIONS","early_covid",0,2,0,"CHP_FLU_EXPRESS_MONTHLY",5.09677419354839,1.84078641445875
"2021-06","2021-06-01",2021,6,30,30,30,30,1,1,28.76,26.8566666666667,31.1833333333333,82.3,23.3249700001232,628,25.3733333333333,8,0,4,0,4,1,0,7,1,0,6,2,0,0,7,1,"HKO",102,28.9870967741935,27.0290322580645,32.1258064516129,0,0,0,0,0,1,29.3435483870968,29.6816666666667,29.7806451612903,16.1646774193548,"lag1 from Dec2012+study window; HW-month p90/p95/p975 + spell proxies; TV from daily extracts when available",29.6666666666667,44.8666666666667,9.73333333333333,18.3333333333333,"EPD_GENERAL_STATIONS","EPD_GENERAL_STATIONS","early_covid",0,1,0,"CHP_FLU_EXPRESS_MONTHLY",4.32666666666667,1.39792950342702
"2021-07","2021-07-01",2021,7,31,31,31,31,1,1,29.7,27.7032258064516,32.6290322580645,80.1290322580645,23.866306511253,379.5,25.8032258064516,18,0,17,3,9,7,0,9,7,0,18,14,16,13,26,1,"HKO",103,28.76,26.8566666666667,31.1833333333333,1,1,0,0,1,1,29.3435483870968,29.6816666666667,29.7806451612903,16.1646774193548,"lag1 from Dec2012+study window; HW-month p90/p95/p975 + spell proxies; TV from daily extracts when available",28.6666666666667,41.9333333333333,8.93333333333333,15.5333333333333,"EPD_GENERAL_STATIONS","EPD_GENERAL_STATIONS","early_covid",0,1,2e-04,"CHP_FLU_EXPRESS_MONTHLY",4.9258064516129,1.38275088139549
"2021-08","2021-08-01",2021,8,31,31,31,31,1,1,28.758064516129,26.841935483871,31.3870967741935,82.6451612903226,23.424011516322,350.5,25.4,6,0,5,0,3,2,0,3,2,0,3,0,2,0,8,1,"HKO",104,29.7,27.7032258064516,32.6290322580645,0,0,0,0,0,1,29.3435483870968,29.6816666666667,29.7806451612903,16.1646774193548,"lag1 from Dec2012+study window; HW-month p90/p95/p975 + spell proxies; TV from daily extracts when available",31.9333333333333,31.2,8.8,14.6,"EPD_GENERAL_STATIONS","EPD_GENERAL_STATIONS","early_covid",0,0,0,"CHP_FLU_EXPRESS_MONTHLY",4.54516129032258,1.06231639779882
"2021-09","2021-09-01",2021,9,30,30,30,30,1,1,29.7466666666667,27.83,32.7866666666667,78.1333333333333,23.3752135408134,129.6,25.4333333333333,11,0,15,0,4,7,0,4,7,0,9,0,13,7,13,1,"HKO",105,28.758064516129,26.841935483871,31.3870967741935,1,1,0,0,1,1,29.3435483870968,29.6816666666667,29.7806451612903,16.1646774193548,"lag1 from Dec2012+study window; HW-month p90/p95/p975 + spell proxies; TV from daily extracts when available",33.4666666666667,52.8,12.0666666666667,20.0666666666667,"EPD_GENERAL_STATIONS","EPD_GENERAL_STATIONS","early_covid",0,0,0.000175,"CHP_FLU_EXPRESS_MONTHLY",4.95666666666667,0.677588692926328
"2021-10","2021-10-01",2021,10,31,31,31,31,1,1,26.0225806451613,24.0612903225806,28.5193548387097,76.2903225806452,18.7842256136269,631.1,21.4129032258065,4,0,1,0,2,1,0,3,1,0,2,0,0,0,0,0,"HKO",106,29.7466666666667,27.83,32.7866666666667,0,0,0,0,0,0,29.3435483870968,29.6816666666667,29.7806451612903,16.1646774193548,"lag1 from Dec2012+study window; HW-month p90/p95/p975 + spell proxies; TV from daily extracts when available",28.4,64.2,14.1333333333333,24.7333333333333,"EPD_GENERAL_STATIONS","EPD_GENERAL_STATIONS","early_covid",0,2,0.00394,"CHP_FLU_EXPRESS_MONTHLY",4.45806451612903,2.72613397536014
"2021-11","2021-11-01",2021,11,30,30,30,30,1,1,22.4,20.33,25.43,67.3333333333333,13.646192841385,5.8,15.78,0,0,0,0,0,0,0,0,0,0,0,0,0,0,0,0,"HKO",107,26.0225806451613,24.0612903225806,28.5193548387097,0,0,0,0,0,0,29.3435483870968,29.6816666666667,29.7806451612903,16.1646774193548,"lag1 from Dec2012+study window; HW-month p90/p95/p975 + spell proxies; TV from daily extracts when available",43.7333333333333,68.8,18.9333333333333,34,"EPD_GENERAL_STATIONS","EPD_GENERAL_STATIONS","early_covid",0,0,0.004825,"CHP_FLU_EXPRESS_MONTHLY",5.1,2.36919890432945
"2021-12","2021-12-01",2021,12,31,31,31,31,1,1,18.8838709677419,16.7967741935484,21.3645161290323,68.4838709677419,11.1985501923897,19.5,12.5741935483871,0,2,0,0,0,0,2,0,0,2,0,0,0,0,0,0,"HKO",108,22.4,20.33,25.43,0,0,0,0,0,0,29.3435483870968,29.6816666666667,29.7806451612903,16.1646774193548,"lag1 from Dec2012+study window; HW-month p90/p95/p975 + spell proxies; TV from daily extracts when available",45.4666666666667,59.0666666666667,23.8,39.1333333333333,"EPD_GENERAL_STATIONS","EPD_GENERAL_STATIONS","early_covid",0,2,0.001325,"CHP_FLU_EXPRESS_MONTHLY",4.56774193548387,2.24084757390197
"2022-01","2022-01-01",2022,1,31,31,31,31,1,1,18.0096774193548,16.4741935483871,20.1677419354839,78,12.054913609607,4.1,14.0096774193548,0,0,0,0,0,0,0,0,0,0,0,0,0,0,0,0,"HKO",109,18.8838709677419,16.7967741935484,21.3645161290323,0,0,0,0,0,0,29.3435483870968,29.6816666666667,29.7806451612903,16.1646774193548,"lag1 from Dec2012+study window; HW-month p90/p95/p975 + spell proxies; TV from daily extracts when available",40.2,57.6666666666667,23.3333333333333,34.1333333333333,"EPD_GENERAL_STATIONS","EPD_GENERAL_STATIONS","fifth_wave",0,1,0.00014,"CHP_FLU_EXPRESS_MONTHLY",3.69354838709677,1.33400520706372
"2022-02","2022-02-01",2022,2,28,28,28,28,1,1,15.2392857142857,13.4285714285714,17.675,80.75,10.5426925783782,168.5,11.85,0,8,0,0,0,0,6,0,0,6,0,0,0,0,0,0,"HKO",110,18.0096774193548,16.4741935483871,20.1677419354839,0,0,0,1,0,0,29.3435483870968,29.6816666666667,29.7806451612903,16.1646774193548,"lag1 from Dec2012+study window; HW-month p90/p95/p975 + spell proxies; TV from daily extracts when available",30.4666666666667,49.2,12.9333333333333,19.3333333333333,"EPD_GENERAL_STATIONS","EPD_GENERAL_STATIONS","fifth_wave",1,3,0,"CHP_FLU_EXPRESS_MONTHLY",4.24642857142857,2.77039097196878
"2022-03","2022-03-01",2022,3,31,31,31,31,1,1,21.4935483870968,19.1838709677419,25.041935483871,78.9354838709677,15.0306138522315,92.7,17.4387096774194,0,0,0,0,0,0,0,0,0,0,0,0,0,0,0,0,"HKO",111,15.2392857142857,13.4285714285714,17.675,0,0,0,0,0,0,29.3435483870968,29.6816666666667,29.7806451612903,16.1646774193548,"lag1 from Dec2012+study window; HW-month p90/p95/p975 + spell proxies; TV from daily extracts when available",34.4666666666667,62.4,15.7333333333333,25.3333333333333,"EPD_GENERAL_STATIONS","EPD_GENERAL_STATIONS","fifth_wave",0,0,0,"CHP_FLU_EXPRESS_MONTHLY",5.85806451612903,2.35710775936259
"2022-04","2022-04-01",2022,4,30,30,30,30,1,1,23.7066666666667,21.5133333333333,27.1433333333333,73.3666666666667,16.0494790368985,3.5,18.43,0,0,0,0,0,0,0,0,0,0,0,0,0,0,0,0,"HKO",112,21.4935483870968,19.1838709677419,25.041935483871,0,0,0,0,0,0,29.3435483870968,29.6816666666667,29.7806451612903,16.1646774193548,"lag1 from Dec2012+study window; HW-month p90/p95/p975 + spell proxies; TV from daily extracts when available",30.8666666666667,65.8666666666667,13.8666666666667,25.2,"EPD_GENERAL_STATIONS","EPD_GENERAL_STATIONS","fifth_wave",0,2,0,"CHP_FLU_EXPRESS_MONTHLY",5.63,3.26369088011097
"2022-05","2022-05-01",2022,5,31,31,31,31,1,1,25.0290322580645,23.2935483870968,27.6935483870968,80.6451612903226,18.7443782130859,436.5,21.2806451612903,0,0,0,0,0,0,0,0,0,0,0,0,0,0,0,0,"HKO",113,23.7066666666667,21.5133333333333,27.1433333333333,0,0,0,0,0,0,29.3435483870968,29.6816666666667,29.7806451612903,16.1646774193548,"lag1 from Dec2012+study window; HW-month p90/p95/p975 + spell proxies; TV from daily extracts when available",28.5333333333333,63.1333333333333,10.2,17.5333333333333,"EPD_GENERAL_STATIONS","EPD_GENERAL_STATIONS","late_2022",0,2,0.00076,"CHP_FLU_EXPRESS_MONTHLY",4.4,2.48719300261521
"2022-06","2022-06-01",2022,6,30,30,30,30,1,1,28.6466666666667,26.8433333333333,31.0133333333333,81.3,22.8580717785353,349.2,25.0066666666667,10,0,6,0,3,4,0,3,4,0,3,0,6,0,0,0,"HKO",114,25.0290322580645,23.2935483870968,27.6935483870968,0,0,0,0,1,1,29.3435483870968,29.6816666666667,29.7806451612903,16.1646774193548,"lag1 from Dec2012+study window; HW-month p90/p95/p975 + spell proxies; TV from daily extracts when available",25.7333333333333,29.0666666666667,6.33333333333333,12.8,"EPD_GENERAL_STATIONS","EPD_GENERAL_STATIONS","late_2022",0,1,0.00335,"CHP_FLU_EXPRESS_MONTHLY",4.17,1.34002916420485
"2022-07","2022-07-01",2022,7,31,31,31,31,1,1,30.2741935483871,28.3516129032258,33.3193548387097,76.9354838709677,23.6548329228994,158.5,25.6258064516129,25,0,21,10,21,11,0,21,11,0,22,21,21,20,27,1,"HKO",115,28.6466666666667,26.8433333333333,31.0133333333333,1,1,1,0,1,1,29.3435483870968,29.6816666666667,29.7806451612903,16.1646774193548,"lag1 from Dec2012+study window; HW-month p90/p95/p975 + spell proxies; TV from daily extracts when available",25.8666666666667,42.4,8.86666666666667,15.8,"EPD_GENERAL_STATIONS","EPD_GENERAL_STATIONS","late_2022",0,1,0.00106,"CHP_FLU_EXPRESS_MONTHLY",4.96774193548387,1.25298782700538
"2022-08","2022-08-01",2022,8,31,31,31,31,1,1,28.841935483871,26.758064516129,31.9451612903226,82.3225806451613,23.3946714011974,614.8,25.4161290322581,8,0,10,2,2,3,0,3,3,0,2,0,10,0,9,1,"HKO",116,30.2741935483871,28.3516129032258,33.3193548387097,0,0,0,0,1,0,29.3435483870968,29.6816666666667,29.7806451612903,16.1646774193548,"lag1 from Dec2012+study window; HW-month p90/p95/p975 + spell proxies; TV from daily extracts when available",27.4666666666667,40.4666666666667,7.93333333333333,14.4,"EPD_GENERAL_STATIONS","EPD_GENERAL_STATIONS","late_2022",0,0,0.0013,"CHP_FLU_EXPRESS_MONTHLY",5.18709677419355,1.49103413632919
"2022-09","2022-09-01",2022,9,30,30,30,30,1,1,29.5533333333333,27.31,32.6566666666667,68.6333333333333,20.1969244003399,171.2,22.8333333333333,9,0,13,3,6,7,0,6,7,0,6,6,11,7,11,1,"HKO",117,28.841935483871,26.758064516129,31.9451612903226,1,0,0,0,1,1,29.3435483870968,29.6816666666667,29.7806451612903,16.1646774193548,"lag1 from Dec2012+study window; HW-month p90/p95/p975 + spell proxies; TV from daily extracts when available",35.2666666666667,105.333333333333,22.3333333333333,36,"EPD_GENERAL_STATIONS","EPD_GENERAL_STATIONS","late_2022",0,0,0.00015,"CHP_FLU_EXPRESS_MONTHLY",5.34666666666667,1.26101582842573
"2022-10","2022-10-01",2022,10,31,31,31,31,1,1,26.1870967741935,23.8935483870968,29.5064516129032,64.6451612903226,16.1247246165299,49.9,18.6645161290323,0,0,2,0,0,2,0,0,2,0,0,0,2,0,0,0,"HKO",118,29.5533333333333,27.31,32.6566666666667,0,0,0,0,0,0,29.3435483870968,29.6816666666667,29.7806451612903,16.1646774193548,"lag1 from Dec2012+study window; HW-month p90/p95/p975 + spell proxies; TV from daily extracts when available",28.5333333333333,85.0666666666667,15,30.1333333333333,"EPD_GENERAL_STATIONS","EPD_GENERAL_STATIONS","late_2022",0,2,0.00368,"CHP_FLU_EXPRESS_MONTHLY",5.61290322580645,2.09391848543727
"2022-11","2022-11-01",2022,11,30,30,30,30,1,1,23.4,21.95,25.3533333333333,82.6666666666667,17.3994744956447,130.8,20.18,0,0,0,0,0,0,0,0,0,0,0,0,0,0,0,0,"HKO",119,26.1870967741935,23.8935483870968,29.5064516129032,0,0,0,0,0,0,29.3435483870968,29.6816666666667,29.7806451612903,16.1646774193548,"lag1 from Dec2012+study window; HW-month p90/p95/p975 + spell proxies; TV from daily extracts when available",30.2,56.9333333333333,12.8,20.4,"EPD_GENERAL_STATIONS","EPD_GENERAL_STATIONS","late_2022",0,0,0.008525,"CHP_FLU_EXPRESS_MONTHLY",3.40333333333333,1.44818554726608
"2022-12","2022-12-01",2022,12,31,31,31,31,1,1,16.6129032258065,14.4225806451613,19.0129032258065,64,9.13607258055412,25.7,9.31612903225806,0,5,0,0,0,0,3,0,0,3,0,0,0,0,0,0,"HKO",120,23.4,21.95,25.3533333333333,0,0,0,0,0,0,29.3435483870968,29.6816666666667,29.7806451612903,16.1646774193548,"lag1 from Dec2012+study window; HW-month p90/p95/p975 + spell proxies; TV from daily extracts when available",39.2,46.4,18.8,30.3333333333333,"EPD_GENERAL_STATIONS","EPD_GENERAL_STATIONS","late_2022",0,2,0.005075,"CHP_FLU_EXPRESS_MONTHLY",4.59032258064516,2.10408205408501
"2023-01","2023-01-01",2023,1,31,31,31,31,1,1,17.0258064516129,14.8677419354839,19.4322580645161,67.2903225806452,10.094850156379,18.2,10.4193548387097,0,8,0,0,0,0,3,0,0,3,0,0,0,0,0,0,"HKO",121,16.6129032258065,14.4225806451613,19.0129032258065,0,0,0,0,0,0,29.3435483870968,29.6816666666667,29.7806451612903,16.1646774193548,"lag1 from Dec2012+study window; HW-month p90/p95/p975 + spell proxies; TV from daily extracts when available",33.6,51.6666666666667,20.7333333333333,32.8,"EPD_GENERAL_STATIONS","EPD_GENERAL_STATIONS","post_reopening",1,3,0.0089,"CHP_FLU_EXPRESS_MONTHLY",4.56451612903226,2.64347848385866
"2023-02","2023-02-01",2023,2,28,28,28,28,1,1,18.85,16.7678571428571,22.0285714285714,73.1785714285714,11.9538969358947,1.6,13.7321428571429,0,0,0,0,0,0,0,0,0,0,0,0,0,0,0,0,"HKO",122,17.0258064516129,14.8677419354839,19.4322580645161,0,0,0,0,0,0,29.3435483870968,29.6816666666667,29.7806451612903,16.1646774193548,"lag1 from Dec2012+study window; HW-month p90/p95/p975 + spell proxies; TV from daily extracts when available",34.6666666666667,68.4666666666667,17.8,30.2,"EPD_GENERAL_STATIONS","EPD_GENERAL_STATIONS","post_reopening",0,0,0.008475,"CHP_FLU_EXPRESS_MONTHLY",5.26071428571429,1.74684901507872
"2023-03","2023-03-01",2023,3,31,31,31,31,1,1,21.2709677419355,19.4258064516129,24.1903225806452,75.8709677419355,14.2527067195074,70.3,16.541935483871,0,0,0,0,0,0,0,0,0,0,0,0,0,0,0,0,"HKO",123,18.85,16.7678571428571,22.0285714285714,0,0,0,0,0,0,29.3435483870968,29.6816666666667,29.7806451612903,16.1646774193548,"lag1 from Dec2012+study window; HW-month p90/p95/p975 + spell proxies; TV from daily extracts when available",36.8666666666667,74.9333333333333,18.6666666666667,32.7333333333333,"EPD_GENERAL_STATIONS","EPD_GENERAL_STATIONS","post_reopening",0,0,0.054425,"CHP_FLU_EXPRESS_MONTHLY",4.76451612903226,1.85852872785385
"2023-04","2023-04-01",2023,4,30,30,30,30,1,1,23.6133333333333,21.74,25.95,82.2666666666667,17.5755421663673,77.5,20.2733333333333,0,0,0,0,0,0,0,0,0,0,0,0,0,0,0,0,"HKO",124,21.2709677419355,19.4258064516129,24.1903225806452,0,0,0,0,0,0,29.3435483870968,29.6816666666667,29.7806451612903,16.1646774193548,"lag1 from Dec2012+study window; HW-month p90/p95/p975 + spell proxies; TV from daily extracts when available",31.7333333333333,69.7333333333333,16.2,28.8,"EPD_GENERAL_STATIONS","EPD_GENERAL_STATIONS","post_reopening",0,2,0.14942,"CHP_FLU_EXPRESS_MONTHLY",4.21,2.02633239832604
"2023-05","2023-05-01",2023,5,31,31,31,31,1,1,26.6258064516129,24.8548387096774,29.2032258064516,81.5161290322581,20.6731310955444,182.8,23.0935483870968,5,0,3,0,3,2,0,3,2,0,3,0,2,0,3,1,"HKO",125,23.6133333333333,21.74,25.95,0,0,0,0,0,1,29.3435483870968,29.6816666666667,29.7806451612903,16.1646774193548,"lag1 from Dec2012+study window; HW-month p90/p95/p975 + spell proxies; TV from daily extracts when available",30.2666666666667,63.6666666666667,15.1333333333333,26.1333333333333,"EPD_GENERAL_STATIONS","EPD_GENERAL_STATIONS","post_reopening",0,2,0.035775,"CHP_FLU_EXPRESS_MONTHLY",4.34838709677419,2.62703479762964
"2023-06","2023-06-01",2023,6,30,30,30,30,1,1,29.19,27.0866666666667,31.9166666666667,82.9,24.0362271907993,490.9,25.89,8,0,7,1,3,2,0,3,2,0,3,0,2,0,4,1,"HKO",126,26.6258064516129,24.8548387096774,29.2032258064516,0,0,0,0,0,1,29.3435483870968,29.6816666666667,29.7806451612903,16.1646774193548,"lag1 from Dec2012+study window; HW-month p90/p95/p975 + spell proxies; TV from daily extracts when available",27.6,38.8,7.26666666666667,12.3333333333333,"EPD_GENERAL_STATIONS","EPD_GENERAL_STATIONS","post_reopening",0,1,0.0229,"CHP_FLU_EXPRESS_MONTHLY",4.83,1.12842581837984
"2023-07","2023-07-01",2023,7,31,31,31,31,1,1,30.1193548387097,27.9709677419355,33.0387096774194,78.0967741935484,23.8000964652922,175.2,25.758064516129,18,0,19,2,11,10,0,11,10,0,18,18,17,17,26,1,"HKO",127,29.19,27.0866666666667,31.9166666666667,1,1,1,0,1,1,29.3435483870968,29.6816666666667,29.7806451612903,16.1646774193548,"lag1 from Dec2012+study window; HW-month p90/p95/p975 + spell proxies; TV from daily extracts when available",25.7333333333333,38.4666666666667,7.4,13.2,"EPD_GENERAL_STATIONS","EPD_GENERAL_STATIONS","post_reopening",0,1,0.07786,"CHP_FLU_EXPRESS_MONTHLY",5.06774193548387,1.06815084915902
"2023-08","2023-08-01",2023,8,31,31,31,31,1,1,29.6451612903226,27.7806451612903,32.3516129032258,79.5161290322581,23.6605445446738,140.7,25.6354838709677,15,0,10,1,6,5,0,6,5,0,13,6,7,5,17,1,"HKO",128,30.1193548387097,27.9709677419355,33.0387096774194,1,0,0,0,1,1,29.3435483870968,29.6816666666667,29.7806451612903,16.1646774193548,"lag1 from Dec2012+study window; HW-month p90/p95/p975 + spell proxies; TV from daily extracts when available",30,36.5333333333333,8.73333333333333,14.8,"EPD_GENERAL_STATIONS","EPD_GENERAL_STATIONS","post_reopening",0,0,0.1052,"CHP_FLU_EXPRESS_MONTHLY",4.57096774193548,0.698493001481246
"2023-09","2023-09-01",2023,9,30,30,30,30,1,1,28.54,26.8533333333333,31.23,81.4333333333333,22.721576044026,1067.1,24.8866666666667,7,0,12,0,3,10,0,3,11,0,6,0,10,10,11,1,"HKO",129,29.6451612903226,27.7806451612903,32.3516129032258,0,0,0,0,1,1,29.3435483870968,29.6816666666667,29.7806451612903,16.1646774193548,"lag1 from Dec2012+study window; HW-month p90/p95/p975 + spell proxies; TV from daily extracts when available",27.4,48.3333333333333,8.93333333333333,14.2,"EPD_GENERAL_STATIONS","EPD_GENERAL_STATIONS","post_reopening",0,0,0.132125,"CHP_FLU_EXPRESS_MONTHLY",4.37666666666667,1.5766835555947
"2023-10","2023-10-01",2023,10,31,31,31,31,1,1,26.4548387096774,24.8322580645161,29.0741935483871,75.9032258064516,18.9559826016454,546,21.7161290322581,3,0,3,0,2,2,0,2,11,0,0,0,3,1,5,1,"HKO",130,28.54,26.8533333333333,31.23,0,0,0,0,1,0,29.3435483870968,29.6816666666667,29.7806451612903,16.1646774193548,"lag1 from Dec2012+study window; HW-month p90/p95/p975 + spell proxies; TV from daily extracts when available",28.1333333333333,77.6,15.3333333333333,24.4,"EPD_GENERAL_STATIONS","EPD_GENERAL_STATIONS","post_reopening",0,2,0.07794,"CHP_FLU_EXPRESS_MONTHLY",4.24193548387097,1.86437455279734
"2023-11","2023-11-01",2023,11,30,30,30,30,1,1,23.5066666666667,21.5833333333333,26.1233333333333,69.4,14.9786830484293,3.3,17.3266666666667,0,0,0,0,0,0,0,0,0,0,0,0,0,0,0,0,"HKO",131,26.4548387096774,24.8322580645161,29.0741935483871,0,0,0,0,0,0,29.3435483870968,29.6816666666667,29.7806451612903,16.1646774193548,"lag1 from Dec2012+study window; HW-month p90/p95/p975 + spell proxies; TV from daily extracts when available",35.6,76.5333333333333,17.6,32.9333333333333,"EPD_GENERAL_STATIONS","EPD_GENERAL_STATIONS","post_reopening",0,0,0.039225,"CHP_FLU_EXPRESS_MONTHLY",4.54,2.31843189177116
"2023-12","2023-12-01",2023,12,31,31,31,31,1,1,19.1548387096774,17.0838709677419,21.6129032258065,69.9677419354839,12.0453343141437,0.9,13.3806451612903,0,6,0,0,0,0,5,0,0,5,0,0,0,0,0,0,"HKO",132,23.5066666666667,21.5833333333333,26.1233333333333,0,0,0,0,0,0,29.3435483870968,29.6816666666667,29.7806451612903,16.1646774193548,"lag1 from Dec2012+study window; HW-month p90/p95/p975 + spell proxies; TV from daily extracts when available",43.4,55,20.9333333333333,34,"EPD_GENERAL_STATIONS","EPD_GENERAL_STATIONS","post_reopening",0,2,0.06924,"CHP_FLU_EXPRESS_MONTHLY",4.52903225806452,4.23066887616899
