"month_id","year","month","n_events","outcome","care_setting","cohort","event_definition","data_status","source_file","source_sha256","stroke_type","age_group","sex"
"2013-01",2013,1,459,"hf","inpatient","T2D_and_or_HTN_2013_2023","first_hospitalization_after_first_cvd_diagnosis_record","HA_APPROVED_AGGREGATE","heart_failure_adm.xlsx","ed8a70b9df04c8bfdcf833fa038390138cdde132a189f842904673c8f0954743","hf_all","all","all"
"2013-02",2013,2,360,"hf","inpatient","T2D_and_or_HTN_2013_2023","first_hospitalization_after_first_cvd_diagnosis_record","HA_APPROVED_AGGREGATE","heart_failure_adm.xlsx","ed8a70b9df04c8bfdcf833fa038390138cdde132a189f842904673c8f0954743","hf_all","all","all"
"2013-03",2013,3,399,"hf","inpatient","T2D_and_or_HTN_2013_2023","first_hospitalization_after_first_cvd_diagnosis_record","HA_APPROVED_AGGREGATE","heart_failure_adm.xlsx","ed8a70b9df04c8bfdcf833fa038390138cdde132a189f842904673c8f0954743","hf_all","all","all"
"2013-04",2013,4,428,"hf","inpatient","T2D_and_or_HTN_2013_2023","first_hospitalization_after_first_cvd_diagnosis_record","HA_APPROVED_AGGREGATE","heart_failure_adm.xlsx","ed8a70b9df04c8bfdcf833fa038390138cdde132a189f842904673c8f0954743","hf_all","all","all"
"2013-05",2013,5,381,"hf","inpatient","T2D_and_or_HTN_2013_2023","first_hospitalization_after_first_cvd_diagnosis_record","HA_APPROVED_AGGREGATE","heart_failure_adm.xlsx","ed8a70b9df04c8bfdcf833fa038390138cdde132a189f842904673c8f0954743","hf_all","all","all"
"2013-06",2013,6,319,"hf","inpatient","T2D_and_or_HTN_2013_2023","first_hospitalization_after_first_cvd_diagnosis_record","HA_APPROVED_AGGREGATE","heart_failure_adm.xlsx","ed8a70b9df04c8bfdcf833fa038390138cdde132a189f842904673c8f0954743","hf_all","all","all"
"2013-07",2013,7,362,"hf","inpatient","T2D_and_or_HTN_2013_2023","first_hospitalization_after_first_cvd_diagnosis_record","HA_APPROVED_AGGREGATE","heart_failure_adm.xlsx","ed8a70b9df04c8bfdcf833fa038390138cdde132a189f842904673c8f0954743","hf_all","all","all"
"2013-08",2013,8,322,"hf","inpatient","T2D_and_or_HTN_2013_2023","first_hospitalization_after_first_cvd_diagnosis_record","HA_APPROVED_AGGREGATE","heart_failure_adm.xlsx","ed8a70b9df04c8bfdcf833fa038390138cdde132a189f842904673c8f0954743","hf_all","all","all"
"2013-09",2013,9,278,"hf","inpatient","T2D_and_or_HTN_2013_2023","first_hospitalization_after_first_cvd_diagnosis_record","HA_APPROVED_AGGREGATE","heart_failure_adm.xlsx","ed8a70b9df04c8bfdcf833fa038390138cdde132a189f842904673c8f0954743","hf_all","all","all"
"2013-10",2013,10,347,"hf","inpatient","T2D_and_or_HTN_2013_2023","first_hospitalization_after_first_cvd_diagnosis_record","HA_APPROVED_AGGREGATE","heart_failure_adm.xlsx","ed8a70b9df04c8bfdcf833fa038390138cdde132a189f842904673c8f0954743","hf_all","all","all"
"2013-11",2013,11,291,"hf","inpatient","T2D_and_or_HTN_2013_2023","first_hospitalization_after_first_cvd_diagnosis_record","HA_APPROVED_AGGREGATE","heart_failure_adm.xlsx","ed8a70b9df04c8bfdcf833fa038390138cdde132a189f842904673c8f0954743","hf_all","all","all"
"2013-12",2013,12,390,"hf","inpatient","T2D_and_or_HTN_2013_2023","first_hospitalization_after_first_cvd_diagnosis_record","HA_APPROVED_AGGREGATE","heart_failure_adm.xlsx","ed8a70b9df04c8bfdcf833fa038390138cdde132a189f842904673c8f0954743","hf_all","all","all"
"2014-01",2014,1,483,"hf","inpatient","T2D_and_or_HTN_2013_2023","first_hospitalization_after_first_cvd_diagnosis_record","HA_APPROVED_AGGREGATE","heart_failure_adm.xlsx","ed8a70b9df04c8bfdcf833fa038390138cdde132a189f842904673c8f0954743","hf_all","all","all"
"2014-02",2014,2,414,"hf","inpatient","T2D_and_or_HTN_2013_2023","first_hospitalization_after_first_cvd_diagnosis_record","HA_APPROVED_AGGREGATE","heart_failure_adm.xlsx","ed8a70b9df04c8bfdcf833fa038390138cdde132a189f842904673c8f0954743","hf_all","all","all"
"2014-03",2014,3,349,"hf","inpatient","T2D_and_or_HTN_2013_2023","first_hospitalization_after_first_cvd_diagnosis_record","HA_APPROVED_AGGREGATE","heart_failure_adm.xlsx","ed8a70b9df04c8bfdcf833fa038390138cdde132a189f842904673c8f0954743","hf_all","all","all"
"2014-04",2014,4,318,"hf","inpatient","T2D_and_or_HTN_2013_2023","first_hospitalization_after_first_cvd_diagnosis_record","HA_APPROVED_AGGREGATE","heart_failure_adm.xlsx","ed8a70b9df04c8bfdcf833fa038390138cdde132a189f842904673c8f0954743","hf_all","all","all"
"2014-05",2014,5,267,"hf","inpatient","T2D_and_or_HTN_2013_2023","first_hospitalization_after_first_cvd_diagnosis_record","HA_APPROVED_AGGREGATE","heart_failure_adm.xlsx","ed8a70b9df04c8bfdcf833fa038390138cdde132a189f842904673c8f0954743","hf_all","all","all"
"2014-06",2014,6,276,"hf","inpatient","T2D_and_or_HTN_2013_2023","first_hospitalization_after_first_cvd_diagnosis_record","HA_APPROVED_AGGREGATE","heart_failure_adm.xlsx","ed8a70b9df04c8bfdcf833fa038390138cdde132a189f842904673c8f0954743","hf_all","all","all"
"2014-07",2014,7,288,"hf","inpatient","T2D_and_or_HTN_2013_2023","first_hospitalization_after_first_cvd_diagnosis_record","HA_APPROVED_AGGREGATE","heart_failure_adm.xlsx","ed8a70b9df04c8bfdcf833fa038390138cdde132a189f842904673c8f0954743","hf_all","all","all"
"2014-08",2014,8,241,"hf","inpatient","T2D_and_or_HTN_2013_2023","first_hospitalization_after_first_cvd_diagnosis_record","HA_APPROVED_AGGREGATE","heart_failure_adm.xlsx","ed8a70b9df04c8bfdcf833fa038390138cdde132a189f842904673c8f0954743","hf_all","all","all"
"2014-09",2014,9,234,"hf","inpatient","T2D_and_or_HTN_2013_2023","first_hospitalization_after_first_cvd_diagnosis_record","HA_APPROVED_AGGREGATE","heart_failure_adm.xlsx","ed8a70b9df04c8bfdcf833fa038390138cdde132a189f842904673c8f0954743","hf_all","all","all"
"2014-10",2014,10,255,"hf","inpatient","T2D_and_or_HTN_2013_2023","first_hospitalization_after_first_cvd_diagnosis_record","HA_APPROVED_AGGREGATE","heart_failure_adm.xlsx","ed8a70b9df04c8bfdcf833fa038390138cdde132a189f842904673c8f0954743","hf_all","all","all"
"2014-11",2014,11,250,"hf","inpatient","T2D_and_or_HTN_2013_2023","first_hospitalization_after_first_cvd_diagnosis_record","HA_APPROVED_AGGREGATE","heart_failure_adm.xlsx","ed8a70b9df04c8bfdcf833fa038390138cdde132a189f842904673c8f0954743","hf_all","all","all"
"2014-12",2014,12,300,"hf","inpatient","T2D_and_or_HTN_2013_2023","first_hospitalization_after_first_cvd_diagnosis_record","HA_APPROVED_AGGREGATE","heart_failure_adm.xlsx","ed8a70b9df04c8bfdcf833fa038390138cdde132a189f842904673c8f0954743","hf_all","all","all"
"2015-01",2015,1,359,"hf","inpatient","T2D_and_or_HTN_2013_2023","first_hospitalization_after_first_cvd_diagnosis_record","HA_APPROVED_AGGREGATE","heart_failure_adm.xlsx","ed8a70b9df04c8bfdcf833fa038390138cdde132a189f842904673c8f0954743","hf_all","all","all"
"2015-02",2015,2,278,"hf","inpatient","T2D_and_or_HTN_2013_2023","first_hospitalization_after_first_cvd_diagnosis_record","HA_APPROVED_AGGREGATE","heart_failure_adm.xlsx","ed8a70b9df04c8bfdcf833fa038390138cdde132a189f842904673c8f0954743","hf_all","all","all"
"2015-03",2015,3,287,"hf","inpatient","T2D_and_or_HTN_2013_2023","first_hospitalization_after_first_cvd_diagnosis_record","HA_APPROVED_AGGREGATE","heart_failure_adm.xlsx","ed8a70b9df04c8bfdcf833fa038390138cdde132a189f842904673c8f0954743","hf_all","all","all"
"2015-04",2015,4,213,"hf","inpatient","T2D_and_or_HTN_2013_2023","first_hospitalization_after_first_cvd_diagnosis_record","HA_APPROVED_AGGREGATE","heart_failure_adm.xlsx","ed8a70b9df04c8bfdcf833fa038390138cdde132a189f842904673c8f0954743","hf_all","all","all"
"2015-05",2015,5,248,"hf","inpatient","T2D_and_or_HTN_2013_2023","first_hospitalization_after_first_cvd_diagnosis_record","HA_APPROVED_AGGREGATE","heart_failure_adm.xlsx","ed8a70b9df04c8bfdcf833fa038390138cdde132a189f842904673c8f0954743","hf_all","all","all"
"2015-06",2015,6,216,"hf","inpatient","T2D_and_or_HTN_2013_2023","first_hospitalization_after_first_cvd_diagnosis_record","HA_APPROVED_AGGREGATE","heart_failure_adm.xlsx","ed8a70b9df04c8bfdcf833fa038390138cdde132a189f842904673c8f0954743","hf_all","all","all"
"2015-07",2015,7,216,"hf","inpatient","T2D_and_or_HTN_2013_2023","first_hospitalization_after_first_cvd_diagnosis_record","HA_APPROVED_AGGREGATE","heart_failure_adm.xlsx","ed8a70b9df04c8bfdcf833fa038390138cdde132a189f842904673c8f0954743","hf_all","all","all"
"2015-08",2015,8,223,"hf","inpatient","T2D_and_or_HTN_2013_2023","first_hospitalization_after_first_cvd_diagnosis_record","HA_APPROVED_AGGREGATE","heart_failure_adm.xlsx","ed8a70b9df04c8bfdcf833fa038390138cdde132a189f842904673c8f0954743","hf_all","all","all"
"2015-09",2015,9,199,"hf","inpatient","T2D_and_or_HTN_2013_2023","first_hospitalization_after_first_cvd_diagnosis_record","HA_APPROVED_AGGREGATE","heart_failure_adm.xlsx","ed8a70b9df04c8bfdcf833fa038390138cdde132a189f842904673c8f0954743","hf_all","all","all"
"2015-10",2015,10,243,"hf","inpatient","T2D_and_or_HTN_2013_2023","first_hospitalization_after_first_cvd_diagnosis_record","HA_APPROVED_AGGREGATE","heart_failure_adm.xlsx","ed8a70b9df04c8bfdcf833fa038390138cdde132a189f842904673c8f0954743","hf_all","all","all"
"2015-11",2015,11,209,"hf","inpatient","T2D_and_or_HTN_2013_2023","first_hospitalization_after_first_cvd_diagnosis_record","HA_APPROVED_AGGREGATE","heart_failure_adm.xlsx","ed8a70b9df04c8bfdcf833fa038390138cdde132a189f842904673c8f0954743","hf_all","all","all"
"2015-12",2015,12,243,"hf","inpatient","T2D_and_or_HTN_2013_2023","first_hospitalization_after_first_cvd_diagnosis_record","HA_APPROVED_AGGREGATE","heart_failure_adm.xlsx","ed8a70b9df04c8bfdcf833fa038390138cdde132a189f842904673c8f0954743","hf_all","all","all"
"2016-01",2016,1,257,"hf","inpatient","T2D_and_or_HTN_2013_2023","first_hospitalization_after_first_cvd_diagnosis_record","HA_APPROVED_AGGREGATE","heart_failure_adm.xlsx","ed8a70b9df04c8bfdcf833fa038390138cdde132a189f842904673c8f0954743","hf_all","all","all"
"2016-02",2016,2,296,"hf","inpatient","T2D_and_or_HTN_2013_2023","first_hospitalization_after_first_cvd_diagnosis_record","HA_APPROVED_AGGREGATE","heart_failure_adm.xlsx","ed8a70b9df04c8bfdcf833fa038390138cdde132a189f842904673c8f0954743","hf_all","all","all"
"2016-03",2016,3,286,"hf","inpatient","T2D_and_or_HTN_2013_2023","first_hospitalization_after_first_cvd_diagnosis_record","HA_APPROVED_AGGREGATE","heart_failure_adm.xlsx","ed8a70b9df04c8bfdcf833fa038390138cdde132a189f842904673c8f0954743","hf_all","all","all"
"2016-04",2016,4,223,"hf","inpatient","T2D_and_or_HTN_2013_2023","first_hospitalization_after_first_cvd_diagnosis_record","HA_APPROVED_AGGREGATE","heart_failure_adm.xlsx","ed8a70b9df04c8bfdcf833fa038390138cdde132a189f842904673c8f0954743","hf_all","all","all"
"2016-05",2016,5,226,"hf","inpatient","T2D_and_or_HTN_2013_2023","first_hospitalization_after_first_cvd_diagnosis_record","HA_APPROVED_AGGREGATE","heart_failure_adm.xlsx","ed8a70b9df04c8bfdcf833fa038390138cdde132a189f842904673c8f0954743","hf_all","all","all"
"2016-06",2016,6,186,"hf","inpatient","T2D_and_or_HTN_2013_2023","first_hospitalization_after_first_cvd_diagnosis_record","HA_APPROVED_AGGREGATE","heart_failure_adm.xlsx","ed8a70b9df04c8bfdcf833fa038390138cdde132a189f842904673c8f0954743","hf_all","all","all"
"2016-07",2016,7,195,"hf","inpatient","T2D_and_or_HTN_2013_2023","first_hospitalization_after_first_cvd_diagnosis_record","HA_APPROVED_AGGREGATE","heart_failure_adm.xlsx","ed8a70b9df04c8bfdcf833fa038390138cdde132a189f842904673c8f0954743","hf_all","all","all"
"2016-08",2016,8,207,"hf","inpatient","T2D_and_or_HTN_2013_2023","first_hospitalization_after_first_cvd_diagnosis_record","HA_APPROVED_AGGREGATE","heart_failure_adm.xlsx","ed8a70b9df04c8bfdcf833fa038390138cdde132a189f842904673c8f0954743","hf_all","all","all"
"2016-09",2016,9,204,"hf","inpatient","T2D_and_or_HTN_2013_2023","first_hospitalization_after_first_cvd_diagnosis_record","HA_APPROVED_AGGREGATE","heart_failure_adm.xlsx","ed8a70b9df04c8bfdcf833fa038390138cdde132a189f842904673c8f0954743","hf_all","all","all"
"2016-10",2016,10,190,"hf","inpatient","T2D_and_or_HTN_2013_2023","first_hospitalization_after_first_cvd_diagnosis_record","HA_APPROVED_AGGREGATE","heart_failure_adm.xlsx","ed8a70b9df04c8bfdcf833fa038390138cdde132a189f842904673c8f0954743","hf_all","all","all"
"2016-11",2016,11,231,"hf","inpatient","T2D_and_or_HTN_2013_2023","first_hospitalization_after_first_cvd_diagnosis_record","HA_APPROVED_AGGREGATE","heart_failure_adm.xlsx","ed8a70b9df04c8bfdcf833fa038390138cdde132a189f842904673c8f0954743","hf_all","all","all"
"2016-12",2016,12,233,"hf","inpatient","T2D_and_or_HTN_2013_2023","first_hospitalization_after_first_cvd_diagnosis_record","HA_APPROVED_AGGREGATE","heart_failure_adm.xlsx","ed8a70b9df04c8bfdcf833fa038390138cdde132a189f842904673c8f0954743","hf_all","all","all"
"2017-01",2017,1,222,"hf","inpatient","T2D_and_or_HTN_2013_2023","first_hospitalization_after_first_cvd_diagnosis_record","HA_APPROVED_AGGREGATE","heart_failure_adm.xlsx","ed8a70b9df04c8bfdcf833fa038390138cdde132a189f842904673c8f0954743","hf_all","all","all"
"2017-02",2017,2,280,"hf","inpatient","T2D_and_or_HTN_2013_2023","first_hospitalization_after_first_cvd_diagnosis_record","HA_APPROVED_AGGREGATE","heart_failure_adm.xlsx","ed8a70b9df04c8bfdcf833fa038390138cdde132a189f842904673c8f0954743","hf_all","all","all"
"2017-03",2017,3,287,"hf","inpatient","T2D_and_or_HTN_2013_2023","first_hospitalization_after_first_cvd_diagnosis_record","HA_APPROVED_AGGREGATE","heart_failure_adm.xlsx","ed8a70b9df04c8bfdcf833fa038390138cdde132a189f842904673c8f0954743","hf_all","all","all"
"2017-04",2017,4,208,"hf","inpatient","T2D_and_or_HTN_2013_2023","first_hospitalization_after_first_cvd_diagnosis_record","HA_APPROVED_AGGREGATE","heart_failure_adm.xlsx","ed8a70b9df04c8bfdcf833fa038390138cdde132a189f842904673c8f0954743","hf_all","all","all"
"2017-05",2017,5,218,"hf","inpatient","T2D_and_or_HTN_2013_2023","first_hospitalization_after_first_cvd_diagnosis_record","HA_APPROVED_AGGREGATE","heart_failure_adm.xlsx","ed8a70b9df04c8bfdcf833fa038390138cdde132a189f842904673c8f0954743","hf_all","all","all"
"2017-06",2017,6,206,"hf","inpatient","T2D_and_or_HTN_2013_2023","first_hospitalization_after_first_cvd_diagnosis_record","HA_APPROVED_AGGREGATE","heart_failure_adm.xlsx","ed8a70b9df04c8bfdcf833fa038390138cdde132a189f842904673c8f0954743","hf_all","all","all"
"2017-07",2017,7,197,"hf","inpatient","T2D_and_or_HTN_2013_2023","first_hospitalization_after_first_cvd_diagnosis_record","HA_APPROVED_AGGREGATE","heart_failure_adm.xlsx","ed8a70b9df04c8bfdcf833fa038390138cdde132a189f842904673c8f0954743","hf_all","all","all"
"2017-08",2017,8,181,"hf","inpatient","T2D_and_or_HTN_2013_2023","first_hospitalization_after_first_cvd_diagnosis_record","HA_APPROVED_AGGREGATE","heart_failure_adm.xlsx","ed8a70b9df04c8bfdcf833fa038390138cdde132a189f842904673c8f0954743","hf_all","all","all"
"2017-09",2017,9,219,"hf","inpatient","T2D_and_or_HTN_2013_2023","first_hospitalization_after_first_cvd_diagnosis_record","HA_APPROVED_AGGREGATE","heart_failure_adm.xlsx","ed8a70b9df04c8bfdcf833fa038390138cdde132a189f842904673c8f0954743","hf_all","all","all"
"2017-10",2017,10,180,"hf","inpatient","T2D_and_or_HTN_2013_2023","first_hospitalization_after_first_cvd_diagnosis_record","HA_APPROVED_AGGREGATE","heart_failure_adm.xlsx","ed8a70b9df04c8bfdcf833fa038390138cdde132a189f842904673c8f0954743","hf_all","all","all"
"2017-11",2017,11,198,"hf","inpatient","T2D_and_or_HTN_2013_2023","first_hospitalization_after_first_cvd_diagnosis_record","HA_APPROVED_AGGREGATE","heart_failure_adm.xlsx","ed8a70b9df04c8bfdcf833fa038390138cdde132a189f842904673c8f0954743","hf_all","all","all"
"2017-12",2017,12,224,"hf","inpatient","T2D_and_or_HTN_2013_2023","first_hospitalization_after_first_cvd_diagnosis_record","HA_APPROVED_AGGREGATE","heart_failure_adm.xlsx","ed8a70b9df04c8bfdcf833fa038390138cdde132a189f842904673c8f0954743","hf_all","all","all"
"2018-01",2018,1,245,"hf","inpatient","T2D_and_or_HTN_2013_2023","first_hospitalization_after_first_cvd_diagnosis_record","HA_APPROVED_AGGREGATE","heart_failure_adm.xlsx","ed8a70b9df04c8bfdcf833fa038390138cdde132a189f842904673c8f0954743","hf_all","all","all"
"2018-02",2018,2,251,"hf","inpatient","T2D_and_or_HTN_2013_2023","first_hospitalization_after_first_cvd_diagnosis_record","HA_APPROVED_AGGREGATE","heart_failure_adm.xlsx","ed8a70b9df04c8bfdcf833fa038390138cdde132a189f842904673c8f0954743","hf_all","all","all"
"2018-03",2018,3,236,"hf","inpatient","T2D_and_or_HTN_2013_2023","first_hospitalization_after_first_cvd_diagnosis_record","HA_APPROVED_AGGREGATE","heart_failure_adm.xlsx","ed8a70b9df04c8bfdcf833fa038390138cdde132a189f842904673c8f0954743","hf_all","all","all"
"2018-04",2018,4,217,"hf","inpatient","T2D_and_or_HTN_2013_2023","first_hospitalization_after_first_cvd_diagnosis_record","HA_APPROVED_AGGREGATE","heart_failure_adm.xlsx","ed8a70b9df04c8bfdcf833fa038390138cdde132a189f842904673c8f0954743","hf_all","all","all"
"2018-05",2018,5,199,"hf","inpatient","T2D_and_or_HTN_2013_2023","first_hospitalization_after_first_cvd_diagnosis_record","HA_APPROVED_AGGREGATE","heart_failure_adm.xlsx","ed8a70b9df04c8bfdcf833fa038390138cdde132a189f842904673c8f0954743","hf_all","all","all"
"2018-06",2018,6,200,"hf","inpatient","T2D_and_or_HTN_2013_2023","first_hospitalization_after_first_cvd_diagnosis_record","HA_APPROVED_AGGREGATE","heart_failure_adm.xlsx","ed8a70b9df04c8bfdcf833fa038390138cdde132a189f842904673c8f0954743","hf_all","all","all"
"2018-07",2018,7,208,"hf","inpatient","T2D_and_or_HTN_2013_2023","first_hospitalization_after_first_cvd_diagnosis_record","HA_APPROVED_AGGREGATE","heart_failure_adm.xlsx","ed8a70b9df04c8bfdcf833fa038390138cdde132a189f842904673c8f0954743","hf_all","all","all"
"2018-08",2018,8,188,"hf","inpatient","T2D_and_or_HTN_2013_2023","first_hospitalization_after_first_cvd_diagnosis_record","HA_APPROVED_AGGREGATE","heart_failure_adm.xlsx","ed8a70b9df04c8bfdcf833fa038390138cdde132a189f842904673c8f0954743","hf_all","all","all"
"2018-09",2018,9,183,"hf","inpatient","T2D_and_or_HTN_2013_2023","first_hospitalization_after_first_cvd_diagnosis_record","HA_APPROVED_AGGREGATE","heart_failure_adm.xlsx","ed8a70b9df04c8bfdcf833fa038390138cdde132a189f842904673c8f0954743","hf_all","all","all"
"2018-10",2018,10,196,"hf","inpatient","T2D_and_or_HTN_2013_2023","first_hospitalization_after_first_cvd_diagnosis_record","HA_APPROVED_AGGREGATE","heart_failure_adm.xlsx","ed8a70b9df04c8bfdcf833fa038390138cdde132a189f842904673c8f0954743","hf_all","all","all"
"2018-11",2018,11,191,"hf","inpatient","T2D_and_or_HTN_2013_2023","first_hospitalization_after_first_cvd_diagnosis_record","HA_APPROVED_AGGREGATE","heart_failure_adm.xlsx","ed8a70b9df04c8bfdcf833fa038390138cdde132a189f842904673c8f0954743","hf_all","all","all"
"2018-12",2018,12,213,"hf","inpatient","T2D_and_or_HTN_2013_2023","first_hospitalization_after_first_cvd_diagnosis_record","HA_APPROVED_AGGREGATE","heart_failure_adm.xlsx","ed8a70b9df04c8bfdcf833fa038390138cdde132a189f842904673c8f0954743","hf_all","all","all"
"2019-01",2019,1,239,"hf","inpatient","T2D_and_or_HTN_2013_2023","first_hospitalization_after_first_cvd_diagnosis_record","HA_APPROVED_AGGREGATE","heart_failure_adm.xlsx","ed8a70b9df04c8bfdcf833fa038390138cdde132a189f842904673c8f0954743","hf_all","all","all"
"2019-02",2019,2,175,"hf","inpatient","T2D_and_or_HTN_2013_2023","first_hospitalization_after_first_cvd_diagnosis_record","HA_APPROVED_AGGREGATE","heart_failure_adm.xlsx","ed8a70b9df04c8bfdcf833fa038390138cdde132a189f842904673c8f0954743","hf_all","all","all"
"2019-03",2019,3,204,"hf","inpatient","T2D_and_or_HTN_2013_2023","first_hospitalization_after_first_cvd_diagnosis_record","HA_APPROVED_AGGREGATE","heart_failure_adm.xlsx","ed8a70b9df04c8bfdcf833fa038390138cdde132a189f842904673c8f0954743","hf_all","all","all"
"2019-04",2019,4,195,"hf","inpatient","T2D_and_or_HTN_2013_2023","first_hospitalization_after_first_cvd_diagnosis_record","HA_APPROVED_AGGREGATE","heart_failure_adm.xlsx","ed8a70b9df04c8bfdcf833fa038390138cdde132a189f842904673c8f0954743","hf_all","all","all"
"2019-05",2019,5,215,"hf","inpatient","T2D_and_or_HTN_2013_2023","first_hospitalization_after_first_cvd_diagnosis_record","HA_APPROVED_AGGREGATE","heart_failure_adm.xlsx","ed8a70b9df04c8bfdcf833fa038390138cdde132a189f842904673c8f0954743","hf_all","all","all"
"2019-06",2019,6,179,"hf","inpatient","T2D_and_or_HTN_2013_2023","first_hospitalization_after_first_cvd_diagnosis_record","HA_APPROVED_AGGREGATE","heart_failure_adm.xlsx","ed8a70b9df04c8bfdcf833fa038390138cdde132a189f842904673c8f0954743","hf_all","all","all"
"2019-07",2019,7,175,"hf","inpatient","T2D_and_or_HTN_2013_2023","first_hospitalization_after_first_cvd_diagnosis_record","HA_APPROVED_AGGREGATE","heart_failure_adm.xlsx","ed8a70b9df04c8bfdcf833fa038390138cdde132a189f842904673c8f0954743","hf_all","all","all"
"2019-08",2019,8,158,"hf","inpatient","T2D_and_or_HTN_2013_2023","first_hospitalization_after_first_cvd_diagnosis_record","HA_APPROVED_AGGREGATE","heart_failure_adm.xlsx","ed8a70b9df04c8bfdcf833fa038390138cdde132a189f842904673c8f0954743","hf_all","all","all"
"2019-09",2019,9,197,"hf","inpatient","T2D_and_or_HTN_2013_2023","first_hospitalization_after_first_cvd_diagnosis_record","HA_APPROVED_AGGREGATE","heart_failure_adm.xlsx","ed8a70b9df04c8bfdcf833fa038390138cdde132a189f842904673c8f0954743","hf_all","all","all"
"2019-10",2019,10,186,"hf","inpatient","T2D_and_or_HTN_2013_2023","first_hospitalization_after_first_cvd_diagnosis_record","HA_APPROVED_AGGREGATE","heart_failure_adm.xlsx","ed8a70b9df04c8bfdcf833fa038390138cdde132a189f842904673c8f0954743","hf_all","all","all"
"2019-11",2019,11,174,"hf","inpatient","T2D_and_or_HTN_2013_2023","first_hospitalization_after_first_cvd_diagnosis_record","HA_APPROVED_AGGREGATE","heart_failure_adm.xlsx","ed8a70b9df04c8bfdcf833fa038390138cdde132a189f842904673c8f0954743","hf_all","all","all"
"2019-12",2019,12,247,"hf","inpatient","T2D_and_or_HTN_2013_2023","first_hospitalization_after_first_cvd_diagnosis_record","HA_APPROVED_AGGREGATE","heart_failure_adm.xlsx","ed8a70b9df04c8bfdcf833fa038390138cdde132a189f842904673c8f0954743","hf_all","all","all"
"2020-01",2020,1,212,"hf","inpatient","T2D_and_or_HTN_2013_2023","first_hospitalization_after_first_cvd_diagnosis_record","HA_APPROVED_AGGREGATE","heart_failure_adm.xlsx","ed8a70b9df04c8bfdcf833fa038390138cdde132a189f842904673c8f0954743","hf_all","all","all"
"2020-02",2020,2,137,"hf","inpatient","T2D_and_or_HTN_2013_2023","first_hospitalization_after_first_cvd_diagnosis_record","HA_APPROVED_AGGREGATE","heart_failure_adm.xlsx","ed8a70b9df04c8bfdcf833fa038390138cdde132a189f842904673c8f0954743","hf_all","all","all"
"2020-03",2020,3,171,"hf","inpatient","T2D_and_or_HTN_2013_2023","first_hospitalization_after_first_cvd_diagnosis_record","HA_APPROVED_AGGREGATE","heart_failure_adm.xlsx","ed8a70b9df04c8bfdcf833fa038390138cdde132a189f842904673c8f0954743","hf_all","all","all"
"2020-04",2020,4,147,"hf","inpatient","T2D_and_or_HTN_2013_2023","first_hospitalization_after_first_cvd_diagnosis_record","HA_APPROVED_AGGREGATE","heart_failure_adm.xlsx","ed8a70b9df04c8bfdcf833fa038390138cdde132a189f842904673c8f0954743","hf_all","all","all"
"2020-05",2020,5,187,"hf","inpatient","T2D_and_or_HTN_2013_2023","first_hospitalization_after_first_cvd_diagnosis_record","HA_APPROVED_AGGREGATE","heart_failure_adm.xlsx","ed8a70b9df04c8bfdcf833fa038390138cdde132a189f842904673c8f0954743","hf_all","all","all"
"2020-06",2020,6,172,"hf","inpatient","T2D_and_or_HTN_2013_2023","first_hospitalization_after_first_cvd_diagnosis_record","HA_APPROVED_AGGREGATE","heart_failure_adm.xlsx","ed8a70b9df04c8bfdcf833fa038390138cdde132a189f842904673c8f0954743","hf_all","all","all"
"2020-07",2020,7,139,"hf","inpatient","T2D_and_or_HTN_2013_2023","first_hospitalization_after_first_cvd_diagnosis_record","HA_APPROVED_AGGREGATE","heart_failure_adm.xlsx","ed8a70b9df04c8bfdcf833fa038390138cdde132a189f842904673c8f0954743","hf_all","all","all"
"2020-08",2020,8,133,"hf","inpatient","T2D_and_or_HTN_2013_2023","first_hospitalization_after_first_cvd_diagnosis_record","HA_APPROVED_AGGREGATE","heart_failure_adm.xlsx","ed8a70b9df04c8bfdcf833fa038390138cdde132a189f842904673c8f0954743","hf_all","all","all"
"2020-09",2020,9,154,"hf","inpatient","T2D_and_or_HTN_2013_2023","first_hospitalization_after_first_cvd_diagnosis_record","HA_APPROVED_AGGREGATE","heart_failure_adm.xlsx","ed8a70b9df04c8bfdcf833fa038390138cdde132a189f842904673c8f0954743","hf_all","all","all"
"2020-10",2020,10,144,"hf","inpatient","T2D_and_or_HTN_2013_2023","first_hospitalization_after_first_cvd_diagnosis_record","HA_APPROVED_AGGREGATE","heart_failure_adm.xlsx","ed8a70b9df04c8bfdcf833fa038390138cdde132a189f842904673c8f0954743","hf_all","all","all"
"2020-11",2020,11,178,"hf","inpatient","T2D_and_or_HTN_2013_2023","first_hospitalization_after_first_cvd_diagnosis_record","HA_APPROVED_AGGREGATE","heart_failure_adm.xlsx","ed8a70b9df04c8bfdcf833fa038390138cdde132a189f842904673c8f0954743","hf_all","all","all"
"2020-12",2020,12,190,"hf","inpatient","T2D_and_or_HTN_2013_2023","first_hospitalization_after_first_cvd_diagnosis_record","HA_APPROVED_AGGREGATE","heart_failure_adm.xlsx","ed8a70b9df04c8bfdcf833fa038390138cdde132a189f842904673c8f0954743","hf_all","all","all"
"2021-01",2021,1,255,"hf","inpatient","T2D_and_or_HTN_2013_2023","first_hospitalization_after_first_cvd_diagnosis_record","HA_APPROVED_AGGREGATE","heart_failure_adm.xlsx","ed8a70b9df04c8bfdcf833fa038390138cdde132a189f842904673c8f0954743","hf_all","all","all"
"2021-02",2021,2,181,"hf","inpatient","T2D_and_or_HTN_2013_2023","first_hospitalization_after_first_cvd_diagnosis_record","HA_APPROVED_AGGREGATE","heart_failure_adm.xlsx","ed8a70b9df04c8bfdcf833fa038390138cdde132a189f842904673c8f0954743","hf_all","all","all"
"2021-03",2021,3,217,"hf","inpatient","T2D_and_or_HTN_2013_2023","first_hospitalization_after_first_cvd_diagnosis_record","HA_APPROVED_AGGREGATE","heart_failure_adm.xlsx","ed8a70b9df04c8bfdcf833fa038390138cdde132a189f842904673c8f0954743","hf_all","all","all"
"2021-04",2021,4,166,"hf","inpatient","T2D_and_or_HTN_2013_2023","first_hospitalization_after_first_cvd_diagnosis_record","HA_APPROVED_AGGREGATE","heart_failure_adm.xlsx","ed8a70b9df04c8bfdcf833fa038390138cdde132a189f842904673c8f0954743","hf_all","all","all"
"2021-05",2021,5,192,"hf","inpatient","T2D_and_or_HTN_2013_2023","first_hospitalization_after_first_cvd_diagnosis_record","HA_APPROVED_AGGREGATE","heart_failure_adm.xlsx","ed8a70b9df04c8bfdcf833fa038390138cdde132a189f842904673c8f0954743","hf_all","all","all"
"2021-06",2021,6,163,"hf","inpatient","T2D_and_or_HTN_2013_2023","first_hospitalization_after_first_cvd_diagnosis_record","HA_APPROVED_AGGREGATE","heart_failure_adm.xlsx","ed8a70b9df04c8bfdcf833fa038390138cdde132a189f842904673c8f0954743","hf_all","all","all"
"2021-07",2021,7,183,"hf","inpatient","T2D_and_or_HTN_2013_2023","first_hospitalization_after_first_cvd_diagnosis_record","HA_APPROVED_AGGREGATE","heart_failure_adm.xlsx","ed8a70b9df04c8bfdcf833fa038390138cdde132a189f842904673c8f0954743","hf_all","all","all"
"2021-08",2021,8,189,"hf","inpatient","T2D_and_or_HTN_2013_2023","first_hospitalization_after_first_cvd_diagnosis_record","HA_APPROVED_AGGREGATE","heart_failure_adm.xlsx","ed8a70b9df04c8bfdcf833fa038390138cdde132a189f842904673c8f0954743","hf_all","all","all"
"2021-09",2021,9,187,"hf","inpatient","T2D_and_or_HTN_2013_2023","first_hospitalization_after_first_cvd_diagnosis_record","HA_APPROVED_AGGREGATE","heart_failure_adm.xlsx","ed8a70b9df04c8bfdcf833fa038390138cdde132a189f842904673c8f0954743","hf_all","all","all"
"2021-10",2021,10,145,"hf","inpatient","T2D_and_or_HTN_2013_2023","first_hospitalization_after_first_cvd_diagnosis_record","HA_APPROVED_AGGREGATE","heart_failure_adm.xlsx","ed8a70b9df04c8bfdcf833fa038390138cdde132a189f842904673c8f0954743","hf_all","all","all"
"2021-11",2021,11,187,"hf","inpatient","T2D_and_or_HTN_2013_2023","first_hospitalization_after_first_cvd_diagnosis_record","HA_APPROVED_AGGREGATE","heart_failure_adm.xlsx","ed8a70b9df04c8bfdcf833fa038390138cdde132a189f842904673c8f0954743","hf_all","all","all"
"2021-12",2021,12,210,"hf","inpatient","T2D_and_or_HTN_2013_2023","first_hospitalization_after_first_cvd_diagnosis_record","HA_APPROVED_AGGREGATE","heart_failure_adm.xlsx","ed8a70b9df04c8bfdcf833fa038390138cdde132a189f842904673c8f0954743","hf_all","all","all"
"2022-01",2022,1,215,"hf","inpatient","T2D_and_or_HTN_2013_2023","first_hospitalization_after_first_cvd_diagnosis_record","HA_APPROVED_AGGREGATE","heart_failure_adm.xlsx","ed8a70b9df04c8bfdcf833fa038390138cdde132a189f842904673c8f0954743","hf_all","all","all"
"2022-02",2022,2,138,"hf","inpatient","T2D_and_or_HTN_2013_2023","first_hospitalization_after_first_cvd_diagnosis_record","HA_APPROVED_AGGREGATE","heart_failure_adm.xlsx","ed8a70b9df04c8bfdcf833fa038390138cdde132a189f842904673c8f0954743","hf_all","all","all"
"2022-03",2022,3,166,"hf","inpatient","T2D_and_or_HTN_2013_2023","first_hospitalization_after_first_cvd_diagnosis_record","HA_APPROVED_AGGREGATE","heart_failure_adm.xlsx","ed8a70b9df04c8bfdcf833fa038390138cdde132a189f842904673c8f0954743","hf_all","all","all"
"2022-04",2022,4,136,"hf","inpatient","T2D_and_or_HTN_2013_2023","first_hospitalization_after_first_cvd_diagnosis_record","HA_APPROVED_AGGREGATE","heart_failure_adm.xlsx","ed8a70b9df04c8bfdcf833fa038390138cdde132a189f842904673c8f0954743","hf_all","all","all"
"2022-05",2022,5,144,"hf","inpatient","T2D_and_or_HTN_2013_2023","first_hospitalization_after_first_cvd_diagnosis_record","HA_APPROVED_AGGREGATE","heart_failure_adm.xlsx","ed8a70b9df04c8bfdcf833fa038390138cdde132a189f842904673c8f0954743","hf_all","all","all"
"2022-06",2022,6,191,"hf","inpatient","T2D_and_or_HTN_2013_2023","first_hospitalization_after_first_cvd_diagnosis_record","HA_APPROVED_AGGREGATE","heart_failure_adm.xlsx","ed8a70b9df04c8bfdcf833fa038390138cdde132a189f842904673c8f0954743","hf_all","all","all"
"2022-07",2022,7,157,"hf","inpatient","T2D_and_or_HTN_2013_2023","first_hospitalization_after_first_cvd_diagnosis_record","HA_APPROVED_AGGREGATE","heart_failure_adm.xlsx","ed8a70b9df04c8bfdcf833fa038390138cdde132a189f842904673c8f0954743","hf_all","all","all"
"2022-08",2022,8,179,"hf","inpatient","T2D_and_or_HTN_2013_2023","first_hospitalization_after_first_cvd_diagnosis_record","HA_APPROVED_AGGREGATE","heart_failure_adm.xlsx","ed8a70b9df04c8bfdcf833fa038390138cdde132a189f842904673c8f0954743","hf_all","all","all"
"2022-09",2022,9,146,"hf","inpatient","T2D_and_or_HTN_2013_2023","first_hospitalization_after_first_cvd_diagnosis_record","HA_APPROVED_AGGREGATE","heart_failure_adm.xlsx","ed8a70b9df04c8bfdcf833fa038390138cdde132a189f842904673c8f0954743","hf_all","all","all"
"2022-10",2022,10,149,"hf","inpatient","T2D_and_or_HTN_2013_2023","first_hospitalization_after_first_cvd_diagnosis_record","HA_APPROVED_AGGREGATE","heart_failure_adm.xlsx","ed8a70b9df04c8bfdcf833fa038390138cdde132a189f842904673c8f0954743","hf_all","all","all"
"2022-11",2022,11,168,"hf","inpatient","T2D_and_or_HTN_2013_2023","first_hospitalization_after_first_cvd_diagnosis_record","HA_APPROVED_AGGREGATE","heart_failure_adm.xlsx","ed8a70b9df04c8bfdcf833fa038390138cdde132a189f842904673c8f0954743","hf_all","all","all"
"2022-12",2022,12,187,"hf","inpatient","T2D_and_or_HTN_2013_2023","first_hospitalization_after_first_cvd_diagnosis_record","HA_APPROVED_AGGREGATE","heart_failure_adm.xlsx","ed8a70b9df04c8bfdcf833fa038390138cdde132a189f842904673c8f0954743","hf_all","all","all"
"2023-01",2023,1,210,"hf","inpatient","T2D_and_or_HTN_2013_2023","first_hospitalization_after_first_cvd_diagnosis_record","HA_APPROVED_AGGREGATE","heart_failure_adm.xlsx","ed8a70b9df04c8bfdcf833fa038390138cdde132a189f842904673c8f0954743","hf_all","all","all"
"2023-02",2023,2,212,"hf","inpatient","T2D_and_or_HTN_2013_2023","first_hospitalization_after_first_cvd_diagnosis_record","HA_APPROVED_AGGREGATE","heart_failure_adm.xlsx","ed8a70b9df04c8bfdcf833fa038390138cdde132a189f842904673c8f0954743","hf_all","all","all"
"2023-03",2023,3,226,"hf","inpatient","T2D_and_or_HTN_2013_2023","first_hospitalization_after_first_cvd_diagnosis_record","HA_APPROVED_AGGREGATE","heart_failure_adm.xlsx","ed8a70b9df04c8bfdcf833fa038390138cdde132a189f842904673c8f0954743","hf_all","all","all"
"2023-04",2023,4,182,"hf","inpatient","T2D_and_or_HTN_2013_2023","first_hospitalization_after_first_cvd_diagnosis_record","HA_APPROVED_AGGREGATE","heart_failure_adm.xlsx","ed8a70b9df04c8bfdcf833fa038390138cdde132a189f842904673c8f0954743","hf_all","all","all"
"2023-05",2023,5,178,"hf","inpatient","T2D_and_or_HTN_2013_2023","first_hospitalization_after_first_cvd_diagnosis_record","HA_APPROVED_AGGREGATE","heart_failure_adm.xlsx","ed8a70b9df04c8bfdcf833fa038390138cdde132a189f842904673c8f0954743","hf_all","all","all"
"2023-06",2023,6,165,"hf","inpatient","T2D_and_or_HTN_2013_2023","first_hospitalization_after_first_cvd_diagnosis_record","HA_APPROVED_AGGREGATE","heart_failure_adm.xlsx","ed8a70b9df04c8bfdcf833fa038390138cdde132a189f842904673c8f0954743","hf_all","all","all"
"2023-07",2023,7,187,"hf","inpatient","T2D_and_or_HTN_2013_2023","first_hospitalization_after_first_cvd_diagnosis_record","HA_APPROVED_AGGREGATE","heart_failure_adm.xlsx","ed8a70b9df04c8bfdcf833fa038390138cdde132a189f842904673c8f0954743","hf_all","all","all"
"2023-08",2023,8,192,"hf","inpatient","T2D_and_or_HTN_2013_2023","first_hospitalization_after_first_cvd_diagnosis_record","HA_APPROVED_AGGREGATE","heart_failure_adm.xlsx","ed8a70b9df04c8bfdcf833fa038390138cdde132a189f842904673c8f0954743","hf_all","all","all"
"2023-09",2023,9,159,"hf","inpatient","T2D_and_or_HTN_2013_2023","first_hospitalization_after_first_cvd_diagnosis_record","HA_APPROVED_AGGREGATE","heart_failure_adm.xlsx","ed8a70b9df04c8bfdcf833fa038390138cdde132a189f842904673c8f0954743","hf_all","all","all"
"2023-10",2023,10,180,"hf","inpatient","T2D_and_or_HTN_2013_2023","first_hospitalization_after_first_cvd_diagnosis_record","HA_APPROVED_AGGREGATE","heart_failure_adm.xlsx","ed8a70b9df04c8bfdcf833fa038390138cdde132a189f842904673c8f0954743","hf_all","all","all"
"2023-11",2023,11,188,"hf","inpatient","T2D_and_or_HTN_2013_2023","first_hospitalization_after_first_cvd_diagnosis_record","HA_APPROVED_AGGREGATE","heart_failure_adm.xlsx","ed8a70b9df04c8bfdcf833fa038390138cdde132a189f842904673c8f0954743","hf_all","all","all"
"2023-12",2023,12,217,"hf","inpatient","T2D_and_or_HTN_2013_2023","first_hospitalization_after_first_cvd_diagnosis_record","HA_APPROVED_AGGREGATE","heart_failure_adm.xlsx","ed8a70b9df04c8bfdcf833fa038390138cdde132a189f842904673c8f0954743","hf_all","all","all"
