"month_id","HM08","HM15","HM17","HM19","HM27","HM32","CM03","CM08","CM15","CM05","CM30","HM23","HM23_event_starts"
"2013-01",0,0,0,0,0,0,1,0,0,0,0,0,0
"2013-02",0,0,0,0,0,0,0,0,0,0,0,0,0
"2013-03",0,0,0,0,0,0,0,0,0,0,0,0,0
"2013-04",0,0,0,0,0,0,0,0,0,0,0,0,0
"2013-05",0,0,0,0,0,0,0,0,0,0,0,0,0
"2013-06",0,0,0,0,0,0,0,0,0,0,0,0,0
"2013-07",0,0,0,0,0,0,0,0,0,0,0,0,0
"2013-08",0,0,0,0,0,0,0,0,0,0,0,0,0
"2013-09",0,0,0,0,0,0,0,0,0,0,0,0,0
"2013-10",0,0,0,0,0,0,0,0,0,0,0,0,0
"2013-11",0,0,0,0,0,0,0,0,0,0,0,0,0
"2013-12",0,0,0,0,0,0,1,1,1,0,1,0,0
"2014-01",0,0,0,0,0,0,1,1,1,0,1,0,0
"2014-02",0,0,0,0,0,0,1,1,1,0,1,0,0
"2014-03",0,0,0,0,0,0,0,0,0,0,0,0,0
"2014-04",0,0,0,0,0,0,0,0,0,0,0,0,0
"2014-05",0,0,0,0,0,0,0,0,0,0,0,0,0
"2014-06",0,0,0,0,0,1,0,0,0,0,0,0,0
"2014-07",1,0,1,1,1,1,0,0,0,0,0,0,0
"2014-08",0,0,0,0,1,1,0,0,0,0,0,0,0
"2014-09",0,0,0,0,0,1,0,0,0,0,0,0,0
"2014-10",0,0,0,0,0,0,0,0,0,0,0,0,0
"2014-11",0,0,0,0,0,0,0,0,0,0,0,0,0
"2014-12",0,0,0,0,0,0,1,0,1,0,1,0,0
"2015-01",0,0,0,0,0,0,1,0,0,0,1,0,0
"2015-02",0,0,0,0,0,0,0,0,0,0,0,0,0
"2015-03",0,0,0,0,0,0,0,0,0,0,0,0,0
"2015-04",0,0,0,0,0,0,0,0,0,0,0,0,0
"2015-05",0,0,0,0,0,0,0,0,0,0,0,0,0
"2015-06",1,0,0,1,1,1,0,0,0,0,0,1,1
"2015-07",0,0,0,0,0,1,0,0,0,0,0,0,0
"2015-08",0,0,1,0,1,1,0,0,0,0,0,0,0
"2015-09",0,0,0,0,0,0,0,0,0,0,0,0,0
"2015-10",0,0,0,0,0,0,0,0,0,0,0,0,0
"2015-11",0,0,0,0,0,0,0,0,0,0,0,0,0
"2015-12",0,0,0,0,0,0,0,0,0,0,0,0,0
"2016-01",0,0,0,0,0,0,1,0,1,0,1,0,0
"2016-02",0,0,0,0,0,0,1,1,1,0,1,0,0
"2016-03",0,0,0,0,0,0,0,0,0,0,0,0,0
"2016-04",0,0,0,0,0,0,0,0,0,0,0,0,0
"2016-05",0,0,0,0,0,1,0,0,0,0,0,0,0
"2016-06",1,0,1,1,1,1,0,0,0,0,0,1,1
"2016-07",1,1,1,1,0,1,0,0,0,0,0,0,0
"2016-08",0,0,0,0,1,0,0,0,0,0,0,0,0
"2016-09",0,0,0,0,0,0,0,0,0,0,0,0,0
"2016-10",0,0,0,0,0,0,0,0,0,0,0,0,0
"2016-11",0,0,0,0,0,0,0,0,0,0,0,0,0
"2016-12",0,0,0,0,0,0,0,0,0,0,0,0,0
"2017-01",0,0,0,0,0,0,0,0,0,0,0,0,0
"2017-02",0,0,0,0,0,0,1,0,1,0,1,0,0
"2017-03",0,0,0,0,0,0,0,0,0,0,0,0,0
"2017-04",0,0,0,0,0,0,0,0,0,0,0,0,0
"2017-05",0,0,0,0,0,0,0,0,0,0,0,0,0
"2017-06",0,0,0,1,0,1,0,0,0,0,0,0,0
"2017-07",0,0,0,0,0,1,0,0,0,0,0,0,0
"2017-08",1,0,0,1,1,1,0,0,0,0,0,1,1
"2017-09",0,0,0,0,0,0,0,0,0,0,0,0,0
"2017-10",0,0,0,0,0,0,0,0,0,0,0,0,0
"2017-11",0,0,0,0,0,0,0,0,0,0,0,0,0
"2017-12",0,0,0,0,0,0,0,0,0,0,1,0,0
"2018-01",0,0,0,0,0,0,1,0,1,0,1,0,0
"2018-02",0,0,0,0,0,0,1,1,1,0,1,0,0
"2018-03",0,0,0,0,0,0,0,0,0,0,0,0,0
"2018-04",0,0,0,0,0,0,0,0,0,0,0,0,0
"2018-05",0,0,1,0,1,1,0,0,0,0,0,1,2
"2018-06",0,0,0,0,1,1,0,0,0,0,0,0,0
"2018-07",0,0,0,0,1,0,0,0,0,0,0,0,0
"2018-08",0,0,0,0,1,1,0,0,0,0,0,0,0
"2018-09",0,0,0,0,0,0,0,0,0,0,0,0,0
"2018-10",0,0,0,0,0,0,0,0,0,0,0,0,0
"2018-11",0,0,0,0,0,0,0,0,0,0,0,0,0
"2018-12",0,0,0,0,0,0,0,0,0,0,1,0,0
"2019-01",0,0,0,0,0,0,0,0,0,0,1,0,0
"2019-02",0,0,0,0,0,0,0,0,0,0,0,0,0
"2019-03",0,0,0,0,0,0,0,0,0,0,0,0,0
"2019-04",0,0,0,0,0,0,0,0,0,0,0,0,0
"2019-05",0,0,0,0,0,0,0,0,0,0,0,0,0
"2019-06",0,0,0,0,0,1,0,0,0,0,0,0,0
"2019-07",1,0,0,1,0,1,0,0,0,0,0,0,0
"2019-08",0,0,0,0,0,1,0,0,0,0,0,0,0
"2019-09",0,0,0,0,1,1,0,0,0,0,0,0,0
"2019-10",0,0,0,0,0,0,0,0,0,0,0,0,0
"2019-11",0,0,0,0,0,0,0,0,0,0,0,0,0
"2019-12",0,0,0,0,0,0,0,0,0,0,0,0,0
"2020-01",0,0,0,0,0,0,0,0,1,0,1,0,0
"2020-02",0,0,0,0,0,0,0,0,0,0,1,0,0
"2020-03",0,0,0,0,0,0,0,0,0,0,0,0,0
"2020-04",0,0,0,0,0,0,0,0,0,0,0,0,0
"2020-05",0,0,0,0,0,0,0,0,0,0,0,0,0
"2020-06",1,0,0,1,0,1,0,0,0,0,0,1,1
"2020-07",1,1,1,1,1,1,0,0,0,0,0,0,0
"2020-08",0,0,1,0,1,1,0,0,0,0,0,1,1
"2020-09",0,0,0,0,0,1,0,0,0,0,0,0,0
"2020-10",0,0,0,0,0,0,0,0,0,0,0,0,0
"2020-11",0,0,0,0,0,0,0,0,0,0,0,0,0
"2020-12",0,0,0,0,0,0,0,0,0,0,1,0,0
"2021-01",0,0,0,0,0,0,1,1,1,0,1,0,0
"2021-02",0,0,0,0,0,0,0,0,0,0,0,0,0
"2021-03",0,0,0,0,0,0,0,0,0,0,0,0,0
"2021-04",0,0,0,0,0,0,0,0,0,0,0,0,0
"2021-05",0,0,1,1,1,1,0,0,0,0,0,1,1
"2021-06",0,0,0,0,0,1,0,0,0,0,0,0,0
"2021-07",1,1,1,1,1,1,0,0,0,0,0,0,0
"2021-08",0,0,0,0,0,1,0,0,0,0,0,0,0
"2021-09",1,1,1,0,1,1,0,0,0,0,0,1,1
"2021-10",0,0,0,0,0,0,0,0,0,0,0,0,0
"2021-11",0,0,0,0,0,0,0,0,0,0,0,0,0
"2021-12",0,0,0,0,0,0,0,0,0,0,0,0,0
"2022-01",0,0,0,0,0,0,0,0,0,0,0,0,0
"2022-02",0,0,0,0,0,0,1,1,1,0,1,0,0
"2022-03",0,0,0,0,0,0,0,0,0,0,0,0,0
"2022-04",0,0,0,0,0,0,0,0,0,0,0,0,0
"2022-05",0,0,0,0,0,0,0,0,0,0,0,0,0
"2022-06",0,0,0,0,0,0,0,0,0,0,0,0,0
"2022-07",1,1,1,1,1,1,0,0,0,0,0,1,1
"2022-08",0,0,0,0,0,1,0,0,0,0,0,0,0
"2022-09",1,1,1,0,1,1,0,0,0,0,0,1,1
"2022-10",0,0,0,0,0,0,0,0,0,0,0,0,0
"2022-11",0,0,0,0,0,0,0,0,0,0,0,0,0
"2022-12",0,0,0,0,0,0,1,0,1,0,1,0,0
"2023-01",0,0,0,0,0,0,0,0,1,0,1,0,0
"2023-02",0,0,0,0,0,0,0,0,0,0,0,0,0
"2023-03",0,0,0,0,0,0,0,0,0,0,0,0,0
"2023-04",0,0,0,0,0,0,0,0,0,0,0,0,0
"2023-05",0,0,0,0,0,1,0,0,0,0,0,0,0
"2023-06",0,0,0,0,0,1,0,0,0,0,0,0,0
"2023-07",1,1,1,1,1,1,0,0,0,0,0,0,0
"2023-08",1,0,0,1,1,1,0,0,0,0,0,0,0
"2023-09",0,0,1,0,1,1,0,0,0,0,0,1,1
"2023-10",0,0,0,0,1,1,0,0,0,0,0,0,0
"2023-11",0,0,0,0,0,0,0,0,0,0,0,0,0
"2023-12",0,0,0,0,0,0,0,0,1,0,1,0,0
