"outcome","pathway_id","exposure","exposure_label","scale","model_structure","family","offset_policy","n_months","data_status","se_method","term","estimate","std_error","statistic","p_value","rr","rr_low","rr_high","q_value_core_bh","manuscript_role"
"chd","P01A","mean_temp","Mean temperature (per 1 C)",1,"single_exposure","negative_binomial","days_only",132,"HA_APPROVED_AGGREGATE","model","mean_temp",-0.00696915668562447,0.00822173825952778,-0.84765003039938,0.396632902836045,0.993055071570653,0.977180628105195,1.00918739771214,,"sensitivity"
"chd","P01A","mean_temp","Mean temperature (per 1 C)",1,"single_exposure","negative_binomial","days_only",132,"HA_APPROVED_AGGREGATE","HC1","mean_temp",-0.00696915668562447,0.00964701670392403,-0.72241573737399,0.470038914181732,0.993055071570653,0.97445463867445,1.01201055034605,,"sensitivity"
"chd","P01A","mean_temp","Mean temperature (per 1 C)",1,"single_exposure","negative_binomial","days_only",132,"HA_APPROVED_AGGREGATE","NeweyWest_lag3","mean_temp",-0.00696915668562447,0.00889420449893628,-0.783561552520853,0.433297423121542,0.993055071570653,0.975893519392818,1.01051841781444,,"sensitivity"
"chd","P01A","mean_temp","Mean temperature (per 1 C)",1,"single_exposure","negative_binomial","days_only",132,"HA_APPROVED_AGGREGATE","NeweyWest_lag6","mean_temp",-0.00696915668562447,0.00870822142331737,-0.80029621972676,0.423539192797939,0.993055071570653,0.976249323608267,1.01015012387133,0.726067187653609,"amended_core_candidate"
"chd","P01A","mean_temp","Mean temperature (per 1 C)",1,"single_exposure","quasipoisson","days_only",132,"HA_APPROVED_AGGREGATE","model","mean_temp",-0.00791330670521129,0.00833095208920029,-0.949868228802995,0.342179212139729,0.992117921080322,0.976049503749943,1.00845086806264,,"sensitivity"
"chd","P01A","mean_temp","Mean temperature (per 1 C)",1,"single_exposure","quasipoisson","days_only",132,"HA_APPROVED_AGGREGATE","HC1","mean_temp",-0.00791330670521129,0.00856761309826139,-0.923630259029451,0.355678853912573,0.992117921080322,0.975596862731606,1.00891875212962,,"sensitivity"
"chd","P01A","mean_temp","Mean temperature (per 1 C)",1,"single_exposure","quasipoisson","days_only",132,"HA_APPROVED_AGGREGATE","NeweyWest_lag3","mean_temp",-0.00791330670521129,0.00797365541394508,-0.992431487742969,0.320987085177573,0.992117921080322,0.976733272059425,1.00774489564932,,"sensitivity"
"chd","P01A","mean_temp","Mean temperature (per 1 C)",1,"single_exposure","quasipoisson","days_only",132,"HA_APPROVED_AGGREGATE","NeweyWest_lag6","mean_temp",-0.00791330670521129,0.00777784417951421,-1.01741646175606,0.308955354165625,0.992117921080322,0.977108204483999,1.00735820742447,,"sensitivity"
"chd","P01A","mean_temp","Mean temperature (per 1 C)",1,"single_exposure","negative_binomial","population_x_days",132,"HA_APPROVED_AGGREGATE","model","mean_temp",-0.00746653500844587,0.00826193100270988,-0.903727591769633,0.366139864697665,0.992561270317885,0.976617781685309,1.00876503972206,,"sensitivity"
"chd","P01A","mean_temp","Mean temperature (per 1 C)",1,"single_exposure","negative_binomial","population_x_days",132,"HA_APPROVED_AGGREGATE","HC1","mean_temp",-0.00746653500844587,0.00963708894251291,-0.774770789497242,0.438475112728932,0.992561270317885,0.973989038669411,1.01148764125819,,"sensitivity"
"chd","P01A","mean_temp","Mean temperature (per 1 C)",1,"single_exposure","negative_binomial","population_x_days",132,"HA_APPROVED_AGGREGATE","NeweyWest_lag3","mean_temp",-0.00746653500844587,0.00888759058787864,-0.840107893654454,0.400847894625759,0.992561270317885,0.97542089635995,1.01000283981153,,"sensitivity"
"chd","P01A","mean_temp","Mean temperature (per 1 C)",1,"single_exposure","negative_binomial","population_x_days",132,"HA_APPROVED_AGGREGATE","NeweyWest_lag6","mean_temp",-0.00746653500844587,0.0086706443450116,-0.861128044392862,0.389167524920413,0.992561270317885,0.975835747795561,1.00957346311671,,"sensitivity"
"chd","P01A","mean_temp","Mean temperature (per 1 C)",1,"single_exposure","quasipoisson","population_x_days",132,"HA_APPROVED_AGGREGATE","model","mean_temp",-0.00832795021031833,0.00837828518837479,-0.993992209989903,0.320226659993537,0.991706631103297,0.975554365875706,1.00812632957819,,"sensitivity"
"chd","P01A","mean_temp","Mean temperature (per 1 C)",1,"single_exposure","quasipoisson","population_x_days",132,"HA_APPROVED_AGGREGATE","HC1","mean_temp",-0.00832795021031833,0.00857526106827716,-0.971159961663008,0.331468628368569,0.991706631103297,0.97517780363855,1.00851561479836,,"sensitivity"
"chd","P01A","mean_temp","Mean temperature (per 1 C)",1,"single_exposure","quasipoisson","population_x_days",132,"HA_APPROVED_AGGREGATE","NeweyWest_lag3","mean_temp",-0.00832795021031833,0.00799906972157944,-1.04111484212366,0.297822251945265,0.991706631103297,0.976279728205865,1.00737730566384,,"sensitivity"
"chd","P01A","mean_temp","Mean temperature (per 1 C)",1,"single_exposure","quasipoisson","population_x_days",132,"HA_APPROVED_AGGREGATE","NeweyWest_lag6","mean_temp",-0.00832795021031833,0.00777607918271062,-1.07097034567687,0.284182763574969,0.991706631103297,0.976706515704906,1.00693711607366,,"sensitivity"
"chd","P01A","mean_temp","Mean temperature (per 1 C)",1,"single_exposure","negative_binomial","none",132,"HA_APPROVED_AGGREGATE","model","mean_temp",-0.00751502974560316,0.00815650807709705,-0.921353804173245,0.356865738862968,0.992513137487073,0.976772230565538,1.00850771270809,,"sensitivity"
"chd","P01A","mean_temp","Mean temperature (per 1 C)",1,"single_exposure","negative_binomial","none",132,"HA_APPROVED_AGGREGATE","HC1","mean_temp",-0.00751502974560316,0.0097698650871192,-0.76920506870777,0.441771581884408,0.992513137487073,0.973688379622998,1.01170184290979,,"sensitivity"
"chd","P01A","mean_temp","Mean temperature (per 1 C)",1,"single_exposure","negative_binomial","none",132,"HA_APPROVED_AGGREGATE","NeweyWest_lag3","mean_temp",-0.00751502974560316,0.00902963983808343,-0.832262402527702,0.405260847551241,0.992513137487073,0.97510207239473,1.01023508817409,,"sensitivity"
"chd","P01A","mean_temp","Mean temperature (per 1 C)",1,"single_exposure","negative_binomial","none",132,"HA_APPROVED_AGGREGATE","NeweyWest_lag6","mean_temp",-0.00751502974560316,0.00885957312684169,-0.84823835618389,0.396305240106561,0.992513137487073,0.9754271580813,1.00989840186747,,"sensitivity"
"chd","P01A","mean_temp","Mean temperature (per 1 C)",1,"single_exposure","quasipoisson","none",132,"HA_APPROVED_AGGREGATE","model","mean_temp",-0.0084016420091393,0.00828134811092599,-1.01452588353998,0.310331885079435,0.991633553150404,0.975667834200645,1.00786053333339,,"sensitivity"
"chd","P01A","mean_temp","Mean temperature (per 1 C)",1,"single_exposure","quasipoisson","none",132,"HA_APPROVED_AGGREGATE","HC1","mean_temp",-0.0084016420091393,0.00867254663359814,-0.968762967107109,0.332663467664835,0.991633553150404,0.974920028488859,1.00863360583317,,"sensitivity"
"chd","P01A","mean_temp","Mean temperature (per 1 C)",1,"single_exposure","quasipoisson","none",132,"HA_APPROVED_AGGREGATE","NeweyWest_lag3","mean_temp",-0.0084016420091393,0.00809740140355468,-1.03757262242811,0.299469069310471,0.991633553150404,0.976019660555542,1.00749722928121,,"sensitivity"
"chd","P01A","mean_temp","Mean temperature (per 1 C)",1,"single_exposure","quasipoisson","none",132,"HA_APPROVED_AGGREGATE","NeweyWest_lag6","mean_temp",-0.0084016420091393,0.00790570978723158,-1.06273089137533,0.287904007620619,0.991633553150404,0.976386435233844,1.00711876798881,,"sensitivity"
"chd","P02A","mean_tmax","Mean maximum temperature (per 1 C)",1,"single_exposure","negative_binomial","days_only",132,"HA_APPROVED_AGGREGATE","model","mean_tmax",-0.0070872045953702,0.00733828187329686,-0.965785277499315,0.334151636969791,0.992937850414184,0.978758607762479,1.00732250727178,,"sensitivity"
"chd","P02A","mean_tmax","Mean maximum temperature (per 1 C)",1,"single_exposure","negative_binomial","days_only",132,"HA_APPROVED_AGGREGATE","HC1","mean_tmax",-0.0070872045953702,0.00856869087305828,-0.827104711835716,0.408177713802675,0.992937850414184,0.976401075755901,1.00975469944241,,"sensitivity"
"chd","P02A","mean_tmax","Mean maximum temperature (per 1 C)",1,"single_exposure","negative_binomial","days_only",132,"HA_APPROVED_AGGREGATE","NeweyWest_lag3","mean_tmax",-0.0070872045953702,0.00750456378126357,-0.944385949928845,0.344972458597171,0.992937850414184,0.978439670034678,1.00765085981254,,"sensitivity"
"chd","P02A","mean_tmax","Mean maximum temperature (per 1 C)",1,"single_exposure","negative_binomial","days_only",132,"HA_APPROVED_AGGREGATE","NeweyWest_lag6","mean_tmax",-0.0070872045953702,0.00714064700733007,-0.992515746555598,0.320946001953216,0.992937850414184,0.979137817383346,1.0069323820215,0.641892003906431,"amended_core_candidate"
"chd","P02A","mean_tmax","Mean maximum temperature (per 1 C)",1,"single_exposure","quasipoisson","days_only",132,"HA_APPROVED_AGGREGATE","model","mean_tmax",-0.00793564137674462,0.0074510430146412,-1.06503765461442,0.286858890297369,0.992095762699883,0.977712435235243,1.00669068623459,,"sensitivity"
"chd","P02A","mean_tmax","Mean maximum temperature (per 1 C)",1,"single_exposure","quasipoisson","days_only",132,"HA_APPROVED_AGGREGATE","HC1","mean_tmax",-0.00793564137674462,0.00762813838837273,-1.04031166881301,0.298195124665631,0.992095762699883,0.977373123363127,1.00704017620237,,"sensitivity"
"chd","P02A","mean_tmax","Mean maximum temperature (per 1 C)",1,"single_exposure","quasipoisson","days_only",132,"HA_APPROVED_AGGREGATE","NeweyWest_lag3","mean_tmax",-0.00793564137674462,0.00675602557199516,-1.17460203372219,0.24015396928777,0.992095762699883,0.979045216113886,1.00532027139038,,"sensitivity"
"chd","P02A","mean_tmax","Mean maximum temperature (per 1 C)",1,"single_exposure","quasipoisson","days_only",132,"HA_APPROVED_AGGREGATE","NeweyWest_lag6","mean_tmax",-0.00793564137674462,0.00635840469342794,-1.24805541002241,0.212010766090329,0.992095762699883,0.979808519595763,1.00453709340386,,"sensitivity"
"chd","P02A","mean_tmax","Mean maximum temperature (per 1 C)",1,"single_exposure","negative_binomial","population_x_days",132,"HA_APPROVED_AGGREGATE","model","mean_tmax",-0.00739560165543347,0.00737496872992101,-1.00279769667751,0.315958480407038,0.992631678513974,0.978386453405227,1.00708431291145,,"sensitivity"
"chd","P02A","mean_tmax","Mean maximum temperature (per 1 C)",1,"single_exposure","negative_binomial","population_x_days",132,"HA_APPROVED_AGGREGATE","HC1","mean_tmax",-0.00739560165543347,0.00852450077566573,-0.867570060706096,0.385629742305358,0.992631678513974,0.976184549173617,1.009355915358,,"sensitivity"
"chd","P02A","mean_tmax","Mean maximum temperature (per 1 C)",1,"single_exposure","negative_binomial","population_x_days",132,"HA_APPROVED_AGGREGATE","NeweyWest_lag3","mean_tmax",-0.00739560165543347,0.00748992449751425,-0.987406703216824,0.323443299548633,0.992631678513974,0.978166034752909,1.00731124797067,,"sensitivity"
"chd","P02A","mean_tmax","Mean maximum temperature (per 1 C)",1,"single_exposure","negative_binomial","population_x_days",132,"HA_APPROVED_AGGREGATE","NeweyWest_lag6","mean_tmax",-0.00739560165543347,0.00709062225390991,-1.04301165547994,0.296942894619366,0.992631678513974,0.978931878829908,1.00652320196906,,"sensitivity"
"chd","P02A","mean_tmax","Mean maximum temperature (per 1 C)",1,"single_exposure","quasipoisson","population_x_days",132,"HA_APPROVED_AGGREGATE","model","mean_tmax",-0.00818441287146378,0.00749453904375587,-1.0920502013106,0.274811036229746,0.991848988250589,0.977385910635084,1.00652608635875,,"sensitivity"
"chd","P02A","mean_tmax","Mean maximum temperature (per 1 C)",1,"single_exposure","quasipoisson","population_x_days",132,"HA_APPROVED_AGGREGATE","HC1","mean_tmax",-0.00818441287146378,0.00760210784407866,-1.07659783830069,0.281659970390544,0.991848988250589,0.977179865346087,1.0067383195061,,"sensitivity"
"chd","P02A","mean_tmax","Mean maximum temperature (per 1 C)",1,"single_exposure","quasipoisson","population_x_days",132,"HA_APPROVED_AGGREGATE","NeweyWest_lag3","mean_tmax",-0.00818441287146378,0.00676633216389799,-1.20957893777843,0.226440504174918,0.991848988250589,0.978781915369768,1.00509051101753,,"sensitivity"
"chd","P02A","mean_tmax","Mean maximum temperature (per 1 C)",1,"single_exposure","quasipoisson","population_x_days",132,"HA_APPROVED_AGGREGATE","NeweyWest_lag6","mean_tmax",-0.00818441287146378,0.00633776005107832,-1.29137310429909,0.196574332249436,0.991848988250589,0.97960443890342,1.00424658813812,,"sensitivity"
"chd","P02A","mean_tmax","Mean maximum temperature (per 1 C)",1,"single_exposure","negative_binomial","none",132,"HA_APPROVED_AGGREGATE","model","mean_tmax",-0.00747957334666093,0.00728026447881748,-1.02737659715844,0.30424316698893,0.99254832905271,0.978485910113259,1.00681284760789,,"sensitivity"
"chd","P02A","mean_tmax","Mean maximum temperature (per 1 C)",1,"single_exposure","negative_binomial","none",132,"HA_APPROVED_AGGREGATE","HC1","mean_tmax",-0.00747957334666093,0.00866384571676415,-0.863308695835648,0.387967764368557,0.99254832905271,0.97583602783426,1.00954684742655,,"sensitivity"
"chd","P02A","mean_tmax","Mean maximum temperature (per 1 C)",1,"single_exposure","negative_binomial","none",132,"HA_APPROVED_AGGREGATE","NeweyWest_lag3","mean_tmax",-0.00747957334666093,0.0076089328127824,-0.982999000082619,0.325607930783561,0.99254832905271,0.977855782321625,1.00746163525912,,"sensitivity"
"chd","P02A","mean_tmax","Mean maximum temperature (per 1 C)",1,"single_exposure","negative_binomial","none",132,"HA_APPROVED_AGGREGATE","NeweyWest_lag6","mean_tmax",-0.00747957334666093,0.00725862056684912,-1.03044005094039,0.302803480365872,0.99254832905271,0.978527420389014,1.00677013743128,,"sensitivity"
"chd","P02A","mean_tmax","Mean maximum temperature (per 1 C)",1,"single_exposure","quasipoisson","none",132,"HA_APPROVED_AGGREGATE","model","mean_tmax",-0.00827072346309585,0.00740617721657753,-1.11673312982346,0.264108448037732,0.991763384871895,0.977470828233239,1.00626492695479,,"sensitivity"
"chd","P02A","mean_tmax","Mean maximum temperature (per 1 C)",1,"single_exposure","quasipoisson","none",132,"HA_APPROVED_AGGREGATE","HC1","mean_tmax",-0.00827072346309585,0.00770224070140178,-1.07380745210814,0.282908989262123,0.991763384871895,0.976903781670644,1.0068490162772,,"sensitivity"
"chd","P02A","mean_tmax","Mean maximum temperature (per 1 C)",1,"single_exposure","quasipoisson","none",132,"HA_APPROVED_AGGREGATE","NeweyWest_lag3","mean_tmax",-0.00827072346309585,0.00684680570089217,-1.20796818610146,0.227059499774853,0.991763384871895,0.978543083823187,1.00516229467346,,"sensitivity"
"chd","P02A","mean_tmax","Mean maximum temperature (per 1 C)",1,"single_exposure","quasipoisson","none",132,"HA_APPROVED_AGGREGATE","NeweyWest_lag6","mean_tmax",-0.00827072346309585,0.0064551276122102,-1.28126412984483,0.200100907554503,0.991763384871895,0.979294589061591,1.00439093870118,,"sensitivity"
"chd","P02B","mean_tmin","Mean minimum temperature (per 1 C)",1,"single_exposure","negative_binomial","days_only",132,"HA_APPROVED_AGGREGATE","model","mean_tmin",-0.0058463754564676,0.0079572199067504,-0.734725887304925,0.462506451104038,0.994170681340187,0.978785730120017,1.00979745946564,,"sensitivity"
"chd","P02B","mean_tmin","Mean minimum temperature (per 1 C)",1,"single_exposure","negative_binomial","days_only",132,"HA_APPROVED_AGGREGATE","HC1","mean_tmin",-0.0058463754564676,0.00926563433750284,-0.630974118286136,0.528057447425994,0.994170681340187,0.976278857468847,1.01239040062685,,"sensitivity"
"chd","P02B","mean_tmin","Mean minimum temperature (per 1 C)",1,"single_exposure","negative_binomial","days_only",132,"HA_APPROVED_AGGREGATE","NeweyWest_lag3","mean_tmin",-0.0058463754564676,0.00901681350728228,-0.648385979342467,0.516735336356753,0.994170681340187,0.976755093878047,1.01189678951377,,"sensitivity"
"chd","P02B","mean_tmin","Mean minimum temperature (per 1 C)",1,"single_exposure","negative_binomial","days_only",132,"HA_APPROVED_AGGREGATE","NeweyWest_lag6","mean_tmin",-0.0058463754564676,0.00885340135324042,-0.660353600068947,0.509026940897322,0.994170681340187,0.977067986744829,1.01157274319186,0.763540411345983,"amended_core_candidate"
"chd","P02B","mean_tmin","Mean minimum temperature (per 1 C)",1,"single_exposure","quasipoisson","days_only",132,"HA_APPROVED_AGGREGATE","model","mean_tmin",-0.0066877209642883,0.00807819786826769,-0.827872883698309,0.407742493096942,0.993334592072729,0.977730715597129,1.00918749515369,,"sensitivity"
"chd","P02B","mean_tmin","Mean minimum temperature (per 1 C)",1,"single_exposure","quasipoisson","days_only",132,"HA_APPROVED_AGGREGATE","HC1","mean_tmin",-0.0066877209642883,0.00830083816284191,-0.805668154599784,0.420434216198448,0.993334592072729,0.977304151455969,1.00962797542434,,"sensitivity"
"chd","P02B","mean_tmin","Mean minimum temperature (per 1 C)",1,"single_exposure","quasipoisson","days_only",132,"HA_APPROVED_AGGREGATE","NeweyWest_lag3","mean_tmin",-0.0066877209642883,0.00811545214041251,-0.82407250373463,0.409898362468584,0.993334592072729,0.977659325897061,1.00926118707345,,"sensitivity"
"chd","P02B","mean_tmin","Mean minimum temperature (per 1 C)",1,"single_exposure","quasipoisson","days_only",132,"HA_APPROVED_AGGREGATE","NeweyWest_lag6","mean_tmin",-0.0066877209642883,0.00793844333971378,-0.842447401599698,0.399537569665188,0.993334592072729,0.977998571179418,1.00891109750638,,"sensitivity"
"chd","P02B","mean_tmin","Mean minimum temperature (per 1 C)",1,"single_exposure","negative_binomial","population_x_days",132,"HA_APPROVED_AGGREGATE","model","mean_tmin",-0.00637016655300801,0.00799610958811539,-0.796658235209281,0.425649546005454,0.993650079943951,0.97819862028036,1.00934560824635,,"sensitivity"
"chd","P02B","mean_tmin","Mean minimum temperature (per 1 C)",1,"single_exposure","negative_binomial","population_x_days",132,"HA_APPROVED_AGGREGATE","HC1","mean_tmin",-0.00637016655300801,0.00927790348638817,-0.686595475190471,0.492337680642796,0.993650079943951,0.975744160675831,1.01188459143712,,"sensitivity"
"chd","P02B","mean_tmin","Mean minimum temperature (per 1 C)",1,"single_exposure","negative_binomial","population_x_days",132,"HA_APPROVED_AGGREGATE","NeweyWest_lag3","mean_tmin",-0.00637016655300801,0.00901404644183616,-0.706693336240501,0.47975707158263,0.993650079943951,0.976248906843927,1.01136142068988,,"sensitivity"
"chd","P02B","mean_tmin","Mean minimum temperature (per 1 C)",1,"single_exposure","negative_binomial","population_x_days",132,"HA_APPROVED_AGGREGATE","NeweyWest_lag6","mean_tmin",-0.00637016655300801,0.00883102242637842,-0.721339641713536,0.470700572684146,0.993650079943951,0.976599176576021,1.01099868303622,,"sensitivity"
"chd","P02B","mean_tmin","Mean minimum temperature (per 1 C)",1,"single_exposure","quasipoisson","population_x_days",132,"HA_APPROVED_AGGREGATE","model","mean_tmin",-0.00712892205765021,0.00812359301320828,-0.877557756285819,0.380183762633122,0.992896428430879,0.977212484039398,1.00883209505851,,"sensitivity"
"chd","P02B","mean_tmin","Mean minimum temperature (per 1 C)",1,"single_exposure","quasipoisson","population_x_days",132,"HA_APPROVED_AGGREGATE","HC1","mean_tmin",-0.00712892205765021,0.00832747610626611,-0.856072352136317,0.39195776043262,0.992896428430879,0.976822057330482,1.00923531588237,,"sensitivity"
"chd","P02B","mean_tmin","Mean minimum temperature (per 1 C)",1,"single_exposure","quasipoisson","population_x_days",132,"HA_APPROVED_AGGREGATE","NeweyWest_lag3","mean_tmin",-0.00712892205765021,0.00814065228257121,-0.875718776603802,0.381182935162475,0.992896428430879,0.977179810344902,1.00886582710181,,"sensitivity"
"chd","P02B","mean_tmin","Mean minimum temperature (per 1 C)",1,"single_exposure","quasipoisson","population_x_days",132,"HA_APPROVED_AGGREGATE","NeweyWest_lag6","mean_tmin",-0.00712892205765021,0.00794604143899349,-0.897166483762161,0.369630086773942,0.992896428430879,0.977552614223974,1.00848108147448,,"sensitivity"
"chd","P02B","mean_tmin","Mean minimum temperature (per 1 C)",1,"single_exposure","negative_binomial","none",132,"HA_APPROVED_AGGREGATE","model","mean_tmin",-0.00639731635177424,0.00789459975950092,-0.810340808484338,0.417744327264241,0.993623102910448,0.978366698500586,1.00911741185638,,"sensitivity"
"chd","P02B","mean_tmin","Mean minimum temperature (per 1 C)",1,"single_exposure","negative_binomial","none",132,"HA_APPROVED_AGGREGATE","HC1","mean_tmin",-0.00639731635177424,0.00937037665308644,-0.682717097574415,0.49478562375318,0.993623102910448,0.975540839505986,1.01204053244696,,"sensitivity"
"chd","P02B","mean_tmin","Mean minimum temperature (per 1 C)",1,"single_exposure","negative_binomial","none",132,"HA_APPROVED_AGGREGATE","NeweyWest_lag3","mean_tmin",-0.00639731635177424,0.00912281928120395,-0.701243349734532,0.483151160761159,0.993623102910448,0.976014298920626,1.01154959689548,,"sensitivity"
"chd","P02B","mean_tmin","Mean minimum temperature (per 1 C)",1,"single_exposure","negative_binomial","none",132,"HA_APPROVED_AGGREGATE","NeweyWest_lag6","mean_tmin",-0.00639731635177424,0.00897706362853171,-0.712629052939061,0.476075328912186,0.993623102910448,0.976293167570745,1.01126065758915,,"sensitivity"
"chd","P02B","mean_tmin","Mean minimum temperature (per 1 C)",1,"single_exposure","quasipoisson","none",132,"HA_APPROVED_AGGREGATE","model","mean_tmin",-0.00719149670466111,0.00803121932728781,-0.895442698249623,0.370550484321743,0.992834300231197,0.977328268861377,1.00858634618639,,"sensitivity"
"chd","P02B","mean_tmin","Mean minimum temperature (per 1 C)",1,"single_exposure","quasipoisson","none",132,"HA_APPROVED_AGGREGATE","HC1","mean_tmin",-0.00719149670466111,0.00839499101053677,-0.856641382418978,0.391643107964095,0.992834300231197,0.976631689493895,1.00930571710855,,"sensitivity"
"chd","P02B","mean_tmin","Mean minimum temperature (per 1 C)",1,"single_exposure","quasipoisson","none",132,"HA_APPROVED_AGGREGATE","NeweyWest_lag3","mean_tmin",-0.00719149670466111,0.00821721921795146,-0.875174011294534,0.381479231628309,0.992834300231197,0.976972039214568,1.00895410323926,,"sensitivity"
"chd","P02B","mean_tmin","Mean minimum temperature (per 1 C)",1,"single_exposure","quasipoisson","none",132,"HA_APPROVED_AGGREGATE","NeweyWest_lag6","mean_tmin",-0.00719149670466111,0.00804751207657201,-0.893629812075345,0.371519990153416,0.992834300231197,0.977297059565367,1.00861855468382,,"sensitivity"
"chd","P04A","hot_nights","Hot nights (per 5 days)",5,"single_exposure","negative_binomial","days_only",132,"HA_APPROVED_AGGREGATE","model","I(hot_nights/5)",0.0215894730883367,0.0135824327682527,1.58951444536501,0.111944295393993,1.02182421201542,0.994980544642884,1.04939209704415,,"sensitivity"
"chd","P04A","hot_nights","Hot nights (per 5 days)",5,"single_exposure","negative_binomial","days_only",132,"HA_APPROVED_AGGREGATE","HC1","I(hot_nights/5)",0.0215894730883367,0.0123731797351545,1.74486054114264,0.0810091473729088,1.02182421201542,0.997341580679111,1.04690784029075,,"sensitivity"
"chd","P04A","hot_nights","Hot nights (per 5 days)",5,"single_exposure","negative_binomial","days_only",132,"HA_APPROVED_AGGREGATE","NeweyWest_lag3","I(hot_nights/5)",0.0215894730883367,0.0108858810034039,1.98325455528918,0.0473390028116081,1.02182421201542,1.0002531783659,1.04386043738117,,"sensitivity"
"chd","P04A","hot_nights","Hot nights (per 5 days)",5,"single_exposure","negative_binomial","days_only",132,"HA_APPROVED_AGGREGATE","NeweyWest_lag6","I(hot_nights/5)",0.0215894730883367,0.0100701246721816,2.14391318788506,0.0320398433085943,1.02182421201542,1.00185374479531,1.04219276085479,0.192239059851566,"amended_core_candidate"
"chd","P04A","hot_nights","Hot nights (per 5 days)",5,"single_exposure","quasipoisson","days_only",132,"HA_APPROVED_AGGREGATE","model","I(hot_nights/5)",0.0232982288778818,0.0138879119276513,1.67759048295044,0.0934270719890439,1.0235717526885,0.996085602804059,1.0518163599117,,"sensitivity"
"chd","P04A","hot_nights","Hot nights (per 5 days)",5,"single_exposure","quasipoisson","days_only",132,"HA_APPROVED_AGGREGATE","HC1","I(hot_nights/5)",0.0232982288778818,0.0119832851286362,1.9442271987843,0.0518680592598791,1.0235717526885,0.999811007887015,1.04789717720353,,"sensitivity"
"chd","P04A","hot_nights","Hot nights (per 5 days)",5,"single_exposure","quasipoisson","days_only",132,"HA_APPROVED_AGGREGATE","NeweyWest_lag3","I(hot_nights/5)",0.0232982288778818,0.010909684422591,2.13555479475075,0.032715719402358,1.0235717526885,1.00191708266739,1.04569445019596,,"sensitivity"
"chd","P04A","hot_nights","Hot nights (per 5 days)",5,"single_exposure","quasipoisson","days_only",132,"HA_APPROVED_AGGREGATE","NeweyWest_lag6","I(hot_nights/5)",0.0232982288778818,0.0102663237087412,2.26938381633581,0.0232449954778155,1.0235717526885,1.00318128398606,1.04437667411305,,"sensitivity"
"chd","P04A","hot_nights","Hot nights (per 5 days)",5,"single_exposure","negative_binomial","population_x_days",132,"HA_APPROVED_AGGREGATE","model","I(hot_nights/5)",0.0212334451217864,0.0136604232950128,1.55437680540532,0.12009456257327,1.02146047877249,0.994474338403923,1.04917891734511,,"sensitivity"
"chd","P04A","hot_nights","Hot nights (per 5 days)",5,"single_exposure","negative_binomial","population_x_days",132,"HA_APPROVED_AGGREGATE","HC1","I(hot_nights/5)",0.0212334451217864,0.0123194309143219,1.72357353756508,0.0847848591122917,1.02146047877249,0.99709159814884,1.046424933909,,"sensitivity"
"chd","P04A","hot_nights","Hot nights (per 5 days)",5,"single_exposure","negative_binomial","population_x_days",132,"HA_APPROVED_AGGREGATE","NeweyWest_lag3","I(hot_nights/5)",0.0212334451217864,0.010773142870574,1.97096106279106,0.0487283297014622,1.02146047877249,1.00011809206778,1.04325830916316,,"sensitivity"
"chd","P04A","hot_nights","Hot nights (per 5 days)",5,"single_exposure","negative_binomial","population_x_days",132,"HA_APPROVED_AGGREGATE","NeweyWest_lag6","I(hot_nights/5)",0.0212334451217864,0.0100180338998468,2.11952218709412,0.034046360729508,1.02146047877249,1.00159937631829,1.04171541472941,,"sensitivity"
"chd","P04A","hot_nights","Hot nights (per 5 days)",5,"single_exposure","quasipoisson","population_x_days",132,"HA_APPROVED_AGGREGATE","model","I(hot_nights/5)",0.023016336949866,0.0139831857075246,1.64600094937454,0.0997635635551913,1.02328325673793,0.995618918025164,1.05171627875166,,"sensitivity"
"chd","P04A","hot_nights","Hot nights (per 5 days)",5,"single_exposure","quasipoisson","population_x_days",132,"HA_APPROVED_AGGREGATE","HC1","I(hot_nights/5)",0.023016336949866,0.0119522667590587,1.92568802335522,0.054143340232434,1.02328325673793,0.99958997818404,1.0475381370094,,"sensitivity"
"chd","P04A","hot_nights","Hot nights (per 5 days)",5,"single_exposure","quasipoisson","population_x_days",132,"HA_APPROVED_AGGREGATE","NeweyWest_lag3","I(hot_nights/5)",0.023016336949866,0.0108377749757634,2.12371423113486,0.0336940466566325,1.02328325673793,1.00177587299543,1.04525238803087,,"sensitivity"
"chd","P04A","hot_nights","Hot nights (per 5 days)",5,"single_exposure","quasipoisson","population_x_days",132,"HA_APPROVED_AGGREGATE","NeweyWest_lag6","I(hot_nights/5)",0.023016336949866,0.0102545465984318,2.24450069332034,0.0248002043636788,1.02328325673793,1.00292168544462,1.04405821383348,,"sensitivity"
"chd","P04A","hot_nights","Hot nights (per 5 days)",5,"single_exposure","negative_binomial","none",132,"HA_APPROVED_AGGREGATE","model","I(hot_nights/5)",0.0214997218502256,0.013481722033222,1.59473113280673,0.110772372954892,1.02173250614268,0.995087651906717,1.04909081336531,,"sensitivity"
"chd","P04A","hot_nights","Hot nights (per 5 days)",5,"single_exposure","negative_binomial","none",132,"HA_APPROVED_AGGREGATE","HC1","I(hot_nights/5)",0.0214997218502256,0.0123657052243534,1.73865715380983,0.0820950868107904,1.02173250614268,0.99726668194517,1.04679854747819,,"sensitivity"
"chd","P04A","hot_nights","Hot nights (per 5 days)",5,"single_exposure","negative_binomial","none",132,"HA_APPROVED_AGGREGATE","NeweyWest_lag3","I(hot_nights/5)",0.0214997218502256,0.0108661569712306,1.97859481573371,0.0478616438221869,1.02173250614268,1.00020207460094,1.04372640351212,,"sensitivity"
"chd","P04A","hot_nights","Hot nights (per 5 days)",5,"single_exposure","negative_binomial","none",132,"HA_APPROVED_AGGREGATE","NeweyWest_lag6","I(hot_nights/5)",0.0214997218502256,0.0100438632257398,2.14058289793587,0.0323076891558821,1.02173250614268,1.00181539576707,1.0420455889573,,"sensitivity"
"chd","P04A","hot_nights","Hot nights (per 5 days)",5,"single_exposure","quasipoisson","none",132,"HA_APPROVED_AGGREGATE","model","I(hot_nights/5)",0.0231263978411839,0.0138191823092581,1.67349972839497,0.0942289599727807,1.02339588640318,0.996048627811968,1.05149398439277,,"sensitivity"
"chd","P04A","hot_nights","Hot nights (per 5 days)",5,"single_exposure","quasipoisson","none",132,"HA_APPROVED_AGGREGATE","HC1","I(hot_nights/5)",0.0231263978411839,0.011977322627488,1.93084870137076,0.0535017656285507,1.02339588640318,0.999650906438649,1.04770488733732,,"sensitivity"
"chd","P04A","hot_nights","Hot nights (per 5 days)",5,"single_exposure","quasipoisson","none",132,"HA_APPROVED_AGGREGATE","NeweyWest_lag3","I(hot_nights/5)",0.0231263978411839,0.0108739911640088,2.12676261111271,0.0334398123244539,1.02339588640318,1.00181502031874,1.04544164248379,,"sensitivity"
"chd","P04A","hot_nights","Hot nights (per 5 days)",5,"single_exposure","quasipoisson","none",132,"HA_APPROVED_AGGREGATE","NeweyWest_lag6","I(hot_nights/5)",0.0231263978411839,0.0102233102938201,2.26212422165877,0.0236897294836469,1.02339588640318,1.0030934846439,1.04410920451622,,"sensitivity"
"chd","P04B","cold_days","Cold days (per 5 days)",5,"single_exposure","negative_binomial","days_only",132,"HA_APPROVED_AGGREGATE","model","I(cold_days/5)",-0.0053832471006569,0.021341934221421,-0.252238013893498,0.800857096929644,0.994631216608471,0.953883780648368,1.03711927712998,,"sensitivity"
"chd","P04B","cold_days","Cold days (per 5 days)",5,"single_exposure","negative_binomial","days_only",132,"HA_APPROVED_AGGREGATE","HC1","I(cold_days/5)",-0.0053832471006569,0.0204560520747656,-0.263161585675548,0.792426037689447,0.994631216608471,0.95554147546176,1.03532005931399,,"sensitivity"
"chd","P04B","cold_days","Cold days (per 5 days)",5,"single_exposure","negative_binomial","days_only",132,"HA_APPROVED_AGGREGATE","NeweyWest_lag3","I(cold_days/5)",-0.0053832471006569,0.0237117010614745,-0.227029140030924,0.820401083246046,0.994631216608471,0.949463509088665,1.04194763419777,,"sensitivity"
"chd","P04B","cold_days","Cold days (per 5 days)",5,"single_exposure","negative_binomial","days_only",132,"HA_APPROVED_AGGREGATE","NeweyWest_lag6","I(cold_days/5)",-0.0053832471006569,0.0240767422036688,-0.223587022493293,0.823078662594747,0.994631216608471,0.948784429293951,1.04269339431323,0.899729950076576,"amended_core_candidate"
"chd","P04B","cold_days","Cold days (per 5 days)",5,"single_exposure","quasipoisson","days_only",132,"HA_APPROVED_AGGREGATE","model","I(cold_days/5)",-0.00726175961010602,0.0213204416452361,-0.340600806068602,0.733404122540312,0.99276454325933,0.952133688232076,1.03512925814329,,"sensitivity"
"chd","P04B","cold_days","Cold days (per 5 days)",5,"single_exposure","quasipoisson","days_only",132,"HA_APPROVED_AGGREGATE","HC1","I(cold_days/5)",-0.00726175961010602,0.0183385036951477,-0.395984303344631,0.692116607897421,0.99276454325933,0.957714821098687,1.02909698862366,,"sensitivity"
"chd","P04B","cold_days","Cold days (per 5 days)",5,"single_exposure","quasipoisson","days_only",132,"HA_APPROVED_AGGREGATE","NeweyWest_lag3","I(cold_days/5)",-0.00726175961010602,0.0209351554300675,-0.346869151956547,0.728689622653866,0.99276454325933,0.95285297399691,1.03434786399282,,"sensitivity"
"chd","P04B","cold_days","Cold days (per 5 days)",5,"single_exposure","quasipoisson","days_only",132,"HA_APPROVED_AGGREGATE","NeweyWest_lag6","I(cold_days/5)",-0.00726175961010602,0.0211621317505198,-0.343148776111729,0.731486538267325,0.99276454325933,0.95242916915223,1.03480812040877,,"sensitivity"
"chd","P04B","cold_days","Cold days (per 5 days)",5,"single_exposure","negative_binomial","population_x_days",132,"HA_APPROVED_AGGREGATE","model","I(cold_days/5)",-0.00532450253939269,0.0214546315069031,-0.248174970410445,0.803999031380449,0.994689647499142,0.953729128449736,1.03740932863215,,"sensitivity"
"chd","P04B","cold_days","Cold days (per 5 days)",5,"single_exposure","negative_binomial","population_x_days",132,"HA_APPROVED_AGGREGATE","HC1","I(cold_days/5)",-0.00532450253939269,0.0204574090658746,-0.260272575194998,0.794653525610131,0.994689647499142,0.955595068373245,1.03538363433194,,"sensitivity"
"chd","P04B","cold_days","Cold days (per 5 days)",5,"single_exposure","negative_binomial","population_x_days",132,"HA_APPROVED_AGGREGATE","NeweyWest_lag3","I(cold_days/5)",-0.00532450253939269,0.0238058818849024,-0.22366331838223,0.823019290543656,0.994689647499142,0.949344026764519,1.04220121151864,,"sensitivity"
"chd","P04B","cold_days","Cold days (per 5 days)",5,"single_exposure","negative_binomial","population_x_days",132,"HA_APPROVED_AGGREGATE","NeweyWest_lag6","I(cold_days/5)",-0.00532450253939269,0.0241665277649323,-0.220325509365023,0.825617654644436,0.994689647499142,0.948673204939508,1.0429381684761,,"sensitivity"
"chd","P04B","cold_days","Cold days (per 5 days)",5,"single_exposure","quasipoisson","population_x_days",132,"HA_APPROVED_AGGREGATE","model","I(cold_days/5)",-0.00732040443222257,0.0214462453499501,-0.341337344265699,0.732849637532108,0.992706324466419,0.95184312225393,1.03532380871974,,"sensitivity"
"chd","P04B","cold_days","Cold days (per 5 days)",5,"single_exposure","quasipoisson","population_x_days",132,"HA_APPROVED_AGGREGATE","HC1","I(cold_days/5)",-0.00732040443222257,0.0183408987315029,-0.399130082957647,0.689797357130133,0.992706324466419,0.957654162231268,1.02904146977188,,"sensitivity"
"chd","P04B","cold_days","Cold days (per 5 days)",5,"single_exposure","quasipoisson","population_x_days",132,"HA_APPROVED_AGGREGATE","NeweyWest_lag3","I(cold_days/5)",-0.00732040443222257,0.0210226774273069,-0.348214658077468,0.727678980288989,0.992706324466419,0.95263366397907,1.03446464669264,,"sensitivity"
"chd","P04B","cold_days","Cold days (per 5 days)",5,"single_exposure","quasipoisson","population_x_days",132,"HA_APPROVED_AGGREGATE","NeweyWest_lag6","I(cold_days/5)",-0.00732040443222257,0.0212467684785691,-0.344542015394314,0.730438704239458,0.992706324466419,0.952215341561971,1.03491910245755,,"sensitivity"
"chd","P04B","cold_days","Cold days (per 5 days)",5,"single_exposure","negative_binomial","none",132,"HA_APPROVED_AGGREGATE","model","I(cold_days/5)",-0.0031697275524092,0.0211868263444239,-0.149608417083356,0.881073567058954,0.996835290730372,0.956288238002303,1.03910155678723,,"sensitivity"
"chd","P04B","cold_days","Cold days (per 5 days)",5,"single_exposure","negative_binomial","none",132,"HA_APPROVED_AGGREGATE","HC1","I(cold_days/5)",-0.0031697275524092,0.0210218098453825,-0.150782809649733,0.880147047127462,0.996835290730372,0.956597582566359,1.03876553208473,,"sensitivity"
"chd","P04B","cold_days","Cold days (per 5 days)",5,"single_exposure","negative_binomial","none",132,"HA_APPROVED_AGGREGATE","NeweyWest_lag3","I(cold_days/5)",-0.0031697275524092,0.0242223789960367,-0.130859464833237,0.895886481245093,0.996835290730372,0.95061551811802,1.04530230982632,,"sensitivity"
"chd","P04B","cold_days","Cold days (per 5 days)",5,"single_exposure","negative_binomial","none",132,"HA_APPROVED_AGGREGATE","NeweyWest_lag6","I(cold_days/5)",-0.0031697275524092,0.0245963470655429,-0.128869849818052,0.897460634057855,0.996835290730372,0.949918993711234,1.04606877367859,,"sensitivity"
"chd","P04B","cold_days","Cold days (per 5 days)",5,"single_exposure","quasipoisson","none",132,"HA_APPROVED_AGGREGATE","model","I(cold_days/5)",-0.00537586987169734,0.021214172691668,-0.253409357500363,0.799951897361515,0.994638554257752,0.954129713881603,1.03686725109026,,"sensitivity"
"chd","P04B","cold_days","Cold days (per 5 days)",5,"single_exposure","quasipoisson","none",132,"HA_APPROVED_AGGREGATE","HC1","I(cold_days/5)",-0.00537586987169734,0.0188642947458668,-0.284975926432405,0.775662585462465,0.994638554257752,0.95853434263777,1.03210266926222,,"sensitivity"
"chd","P04B","cold_days","Cold days (per 5 days)",5,"single_exposure","quasipoisson","none",132,"HA_APPROVED_AGGREGATE","NeweyWest_lag3","I(cold_days/5)",-0.00537586987169734,0.0214050007946712,-0.251150183233615,0.80169799833102,0.994638554257752,0.953772914075339,1.03725513590943,,"sensitivity"
"chd","P04B","cold_days","Cold days (per 5 days)",5,"single_exposure","quasipoisson","none",132,"HA_APPROVED_AGGREGATE","NeweyWest_lag6","I(cold_days/5)",-0.00537586987169734,0.0216238242836649,-0.248608655026779,0.803663512921827,0.994638554257752,0.953363934269247,1.03770010386878,,"sensitivity"
"chd","P04C","very_hot_days","Very hot days (per 5 days)",5,"single_exposure","negative_binomial","days_only",132,"HA_APPROVED_AGGREGATE","model","I(very_hot_days/5)",-0.000610023805177367,0.0130960167133232,-0.0465808664215249,0.962847281858644,0.999390162221515,0.974064051154067,1.0253747637661,,"sensitivity"
"chd","P04C","very_hot_days","Very hot days (per 5 days)",5,"single_exposure","negative_binomial","days_only",132,"HA_APPROVED_AGGREGATE","HC1","I(very_hot_days/5)",-0.000610023805177367,0.0127766883014687,-0.0477450643534323,0.961919418873297,0.999390162221515,0.974673892779061,1.02473319922149,,"sensitivity"
"chd","P04C","very_hot_days","Very hot days (per 5 days)",5,"single_exposure","negative_binomial","days_only",132,"HA_APPROVED_AGGREGATE","NeweyWest_lag3","I(very_hot_days/5)",-0.000610023805177367,0.0134096312102568,-0.0454914677079838,0.963715575642216,0.999390162221515,0.973465493144581,1.0260052394038,,"sensitivity"
"chd","P04C","very_hot_days","Very hot days (per 5 days)",5,"single_exposure","negative_binomial","days_only",132,"HA_APPROVED_AGGREGATE","NeweyWest_lag6","I(very_hot_days/5)",-0.000610023805177367,0.0129450344950274,-0.0471241544710983,0.962414276235873,0.999390162221515,0.974352343856856,1.02507137447999,0.962414276235873,"amended_core_candidate"
"chd","P04C","very_hot_days","Very hot days (per 5 days)",5,"single_exposure","quasipoisson","days_only",132,"HA_APPROVED_AGGREGATE","model","I(very_hot_days/5)",0.00242777707865519,0.0137263574122048,0.176869726304557,0.859610718593326,1.0024307265158,0.975821222076646,1.02976584104672,,"sensitivity"
"chd","P04C","very_hot_days","Very hot days (per 5 days)",5,"single_exposure","quasipoisson","days_only",132,"HA_APPROVED_AGGREGATE","HC1","I(very_hot_days/5)",0.00242777707865519,0.0124076287635336,0.195668094599228,0.844869958473706,1.0024307265158,0.97834669754617,1.02710763370832,,"sensitivity"
"chd","P04C","very_hot_days","Very hot days (per 5 days)",5,"single_exposure","quasipoisson","days_only",132,"HA_APPROVED_AGGREGATE","NeweyWest_lag3","I(very_hot_days/5)",0.00242777707865519,0.0129245182946854,0.187842751528582,0.850999921368627,1.0024307265158,0.977356033008784,1.02814872730618,,"sensitivity"
"chd","P04C","very_hot_days","Very hot days (per 5 days)",5,"single_exposure","quasipoisson","days_only",132,"HA_APPROVED_AGGREGATE","NeweyWest_lag6","I(very_hot_days/5)",0.00242777707865519,0.0124296003194833,0.195322216020871,0.845140706135158,1.0024307265158,0.978304566686905,1.02715186628031,,"sensitivity"
"chd","P04C","very_hot_days","Very hot days (per 5 days)",5,"single_exposure","negative_binomial","population_x_days",132,"HA_APPROVED_AGGREGATE","model","I(very_hot_days/5)",-0.000573818193115241,0.0131647928608023,-0.0435873316946568,0.965233349944442,0.999426346409059,0.973968017422799,1.02555012487947,,"sensitivity"
"chd","P04C","very_hot_days","Very hot days (per 5 days)",5,"single_exposure","negative_binomial","population_x_days",132,"HA_APPROVED_AGGREGATE","HC1","I(very_hot_days/5)",-0.000573818193115241,0.0128056724782028,-0.0448096883698976,0.964259002648771,0.999426346409059,0.974653811414864,1.02482851880153,,"sensitivity"
"chd","P04C","very_hot_days","Very hot days (per 5 days)",5,"single_exposure","negative_binomial","population_x_days",132,"HA_APPROVED_AGGREGATE","NeweyWest_lag3","I(very_hot_days/5)",-0.000573818193115241,0.0134179162279349,-0.0427650749466301,0.965888804661172,0.999426346409059,0.973484930502147,1.02605904888669,,"sensitivity"
"chd","P04C","very_hot_days","Very hot days (per 5 days)",5,"single_exposure","negative_binomial","population_x_days",132,"HA_APPROVED_AGGREGATE","NeweyWest_lag6","I(very_hot_days/5)",-0.000573818193115241,0.0129682107261793,-0.0442480620674105,0.964706671554917,0.999426346409059,0.974343360563558,1.02515505552255,,"sensitivity"
"chd","P04C","very_hot_days","Very hot days (per 5 days)",5,"single_exposure","quasipoisson","population_x_days",132,"HA_APPROVED_AGGREGATE","model","I(very_hot_days/5)",0.00244707883528967,0.0138102807822917,0.177192547629259,0.859357149174444,1.00245007537646,0.975679554781946,1.02995512071262,,"sensitivity"
"chd","P04C","very_hot_days","Very hot days (per 5 days)",5,"single_exposure","quasipoisson","population_x_days",132,"HA_APPROVED_AGGREGATE","HC1","I(very_hot_days/5)",0.00244707883528967,0.0124489685517173,0.196568802075744,0.844164986582419,1.00245007537646,0.978286311715,1.02721068626689,,"sensitivity"
"chd","P04C","very_hot_days","Very hot days (per 5 days)",5,"single_exposure","quasipoisson","population_x_days",132,"HA_APPROVED_AGGREGATE","NeweyWest_lag3","I(very_hot_days/5)",0.00244707883528967,0.012953797022296,0.188908227531879,0.850164745044691,1.00245007537646,0.977318811553368,1.02822757706368,,"sensitivity"
"chd","P04C","very_hot_days","Very hot days (per 5 days)",5,"single_exposure","quasipoisson","population_x_days",132,"HA_APPROVED_AGGREGATE","NeweyWest_lag6","I(very_hot_days/5)",0.00244707883528967,0.0124721880779472,0.19620284909081,0.844451398147296,1.00245007537646,0.978241790652527,1.02725743596781,,"sensitivity"
"chd","P04C","very_hot_days","Very hot days (per 5 days)",5,"single_exposure","negative_binomial","none",132,"HA_APPROVED_AGGREGATE","model","I(very_hot_days/5)",-0.000622562786985004,0.0129999297105187,-0.0478897040867279,0.961804144925753,0.999377630965017,0.974235298428741,1.02516881792731,,"sensitivity"
"chd","P04C","very_hot_days","Very hot days (per 5 days)",5,"single_exposure","negative_binomial","none",132,"HA_APPROVED_AGGREGATE","HC1","I(very_hot_days/5)",-0.000622562786985004,0.0127686866112535,-0.0487569948217161,0.961112954546784,0.999377630965017,0.974676957481228,1.02470427930732,,"sensitivity"
"chd","P04C","very_hot_days","Very hot days (per 5 days)",5,"single_exposure","negative_binomial","none",132,"HA_APPROVED_AGGREGATE","NeweyWest_lag3","I(very_hot_days/5)",-0.000622562786985004,0.0134029632659553,-0.0464496376384443,0.962951874065853,0.999377630965017,0.973466009265436,1.02597896564144,,"sensitivity"
"chd","P04C","very_hot_days","Very hot days (per 5 days)",5,"single_exposure","negative_binomial","none",132,"HA_APPROVED_AGGREGATE","NeweyWest_lag6","I(very_hot_days/5)",-0.000622562786985004,0.012945494654676,-0.0480910775209452,0.961643657086328,0.999377630965017,0.974339247777595,1.02505944572319,,"sensitivity"
"chd","P04C","very_hot_days","Very hot days (per 5 days)",5,"single_exposure","quasipoisson","none",132,"HA_APPROVED_AGGREGATE","model","I(very_hot_days/5)",0.00235249157883343,0.0136570485283286,0.172254757237897,0.863237251116596,1.00235526085829,0.975880319513994,1.02954844859527,,"sensitivity"
"chd","P04C","very_hot_days","Very hot days (per 5 days)",5,"single_exposure","quasipoisson","none",132,"HA_APPROVED_AGGREGATE","HC1","I(very_hot_days/5)",0.00235249157883343,0.0123937149971217,0.189813270627877,0.849455456491248,1.00235526085829,0.978299723829108,1.02700230256407,,"sensitivity"
"chd","P04C","very_hot_days","Very hot days (per 5 days)",5,"single_exposure","quasipoisson","none",132,"HA_APPROVED_AGGREGATE","NeweyWest_lag3","I(very_hot_days/5)",0.00235249157883343,0.0129053930526502,0.182287480066353,0.855357123537363,1.00235526085829,0.977319089624114,1.02803278850996,,"sensitivity"
"chd","P04C","very_hot_days","Very hot days (per 5 days)",5,"single_exposure","quasipoisson","none",132,"HA_APPROVED_AGGREGATE","NeweyWest_lag6","I(very_hot_days/5)",0.00235249157883343,0.0124164036618096,0.189466422235388,0.849727269614163,1.00235526085829,0.978256220020197,1.02704797414889,,"sensitivity"
"hf","P01A","mean_temp","Mean temperature (per 1 C)",1,"single_exposure","negative_binomial","days_only",132,"HA_APPROVED_AGGREGATE","model","mean_temp",-0.0260055379373725,0.00962379709505929,-2.7022117861071,0.00688798725603412,0.974329693816984,0.956123509494475,0.992882554216688,,"sensitivity"
"hf","P01A","mean_temp","Mean temperature (per 1 C)",1,"single_exposure","negative_binomial","days_only",132,"HA_APPROVED_AGGREGATE","HC1","mean_temp",-0.0260055379373725,0.0131999929698876,-1.97011755966063,0.0488248988925491,0.974329693816984,0.949445143815271,0.999866457201241,,"sensitivity"
"hf","P01A","mean_temp","Mean temperature (per 1 C)",1,"single_exposure","negative_binomial","days_only",132,"HA_APPROVED_AGGREGATE","NeweyWest_lag3","mean_temp",-0.0260055379373725,0.013579450989942,-1.9150654880403,0.0554841524462216,0.974329693816984,0.948739268175111,1.00061037220426,,"sensitivity"
"hf","P01A","mean_temp","Mean temperature (per 1 C)",1,"single_exposure","negative_binomial","days_only",132,"HA_APPROVED_AGGREGATE","NeweyWest_lag6","mean_temp",-0.0260055379373725,0.0143091440302916,-1.81740695895717,0.0691548229807702,0.974329693816984,0.947383352675751,1.00204246736264,0.207464468942311,"amended_core_candidate"
"hf","P01A","mean_temp","Mean temperature (per 1 C)",1,"single_exposure","quasipoisson","days_only",132,"HA_APPROVED_AGGREGATE","model","mean_temp",-0.0311148542043587,0.0100508080418554,-3.09575648791464,0.00196311508037716,0.969364231124603,0.950455022536634,0.98864963654561,,"sensitivity"
"hf","P01A","mean_temp","Mean temperature (per 1 C)",1,"single_exposure","quasipoisson","days_only",132,"HA_APPROVED_AGGREGATE","HC1","mean_temp",-0.0311148542043587,0.0126902749967273,-2.45186603224776,0.0142117562039421,0.969364231124603,0.94555067796991,0.993777525072745,,"sensitivity"
"hf","P01A","mean_temp","Mean temperature (per 1 C)",1,"single_exposure","quasipoisson","days_only",132,"HA_APPROVED_AGGREGATE","NeweyWest_lag3","mean_temp",-0.0311148542043587,0.0132860857713036,-2.34191279056493,0.0191851972464145,0.969364231124603,0.944447118665186,0.994938725539077,,"sensitivity"
"hf","P01A","mean_temp","Mean temperature (per 1 C)",1,"single_exposure","quasipoisson","days_only",132,"HA_APPROVED_AGGREGATE","NeweyWest_lag6","mean_temp",-0.0311148542043587,0.0139590995166121,-2.22900153174854,0.0258138028686149,0.969364231124603,0.943202113243908,0.996252022116493,,"sensitivity"
"hf","P01A","mean_temp","Mean temperature (per 1 C)",1,"single_exposure","negative_binomial","population_x_days",132,"HA_APPROVED_AGGREGATE","model","mean_temp",-0.0264928774041474,0.00960285465066651,-2.75885435819948,0.00580043796386323,0.973854980186275,0.955696894162155,0.992358066900546,,"sensitivity"
"hf","P01A","mean_temp","Mean temperature (per 1 C)",1,"single_exposure","negative_binomial","population_x_days",132,"HA_APPROVED_AGGREGATE","HC1","mean_temp",-0.0264928774041474,0.0130931223857307,-2.02341936656913,0.0430299291597598,0.973854980186275,0.949181355180739,0.999169987123296,,"sensitivity"
"hf","P01A","mean_temp","Mean temperature (per 1 C)",1,"single_exposure","negative_binomial","population_x_days",132,"HA_APPROVED_AGGREGATE","NeweyWest_lag3","mean_temp",-0.0264928774041474,0.0134548707829136,-1.96901760199665,0.0489510698175788,0.973854980186275,0.948508598635762,0.999878676690631,,"sensitivity"
"hf","P01A","mean_temp","Mean temperature (per 1 C)",1,"single_exposure","negative_binomial","population_x_days",132,"HA_APPROVED_AGGREGATE","NeweyWest_lag6","mean_temp",-0.0264928774041474,0.0141608242288317,-1.87085701905736,0.0613649018454554,0.973854980186275,0.947197084484751,1.00126313516844,,"sensitivity"
"hf","P01A","mean_temp","Mean temperature (per 1 C)",1,"single_exposure","quasipoisson","population_x_days",132,"HA_APPROVED_AGGREGATE","model","mean_temp",-0.031520308284938,0.0100315785242203,-3.14210851351412,0.00167735857877442,0.968971278109111,0.950105543447802,0.988211619514656,,"sensitivity"
"hf","P01A","mean_temp","Mean temperature (per 1 C)",1,"single_exposure","quasipoisson","population_x_days",132,"HA_APPROVED_AGGREGATE","HC1","mean_temp",-0.031520308284938,0.0125779923561641,-2.5059888249567,0.0122109479073059,0.968971278109111,0.945375407932165,0.993156083734067,,"sensitivity"
"hf","P01A","mean_temp","Mean temperature (per 1 C)",1,"single_exposure","quasipoisson","population_x_days",132,"HA_APPROVED_AGGREGATE","NeweyWest_lag3","mean_temp",-0.031520308284938,0.0131503440060857,-2.39691891484748,0.0165335820228489,0.968971278109111,0.944315471704376,0.994270840554792,,"sensitivity"
"hf","P01A","mean_temp","Mean temperature (per 1 C)",1,"single_exposure","quasipoisson","population_x_days",132,"HA_APPROVED_AGGREGATE","NeweyWest_lag6","mean_temp",-0.031520308284938,0.0138001982357971,-2.2840475003595,0.022368739487716,0.968971278109111,0.943113449272659,0.995538064402008,,"sensitivity"
"hf","P01A","mean_temp","Mean temperature (per 1 C)",1,"single_exposure","negative_binomial","none",132,"HA_APPROVED_AGGREGATE","model","mean_temp",-0.0265650851464099,0.0095868717800709,-2.77098575592021,0.0055886871544453,0.973784662855624,0.955657824814133,0.992255329251626,,"sensitivity"
"hf","P01A","mean_temp","Mean temperature (per 1 C)",1,"single_exposure","negative_binomial","none",132,"HA_APPROVED_AGGREGATE","HC1","mean_temp",-0.0265650851464099,0.0133684037501711,-1.98715461044254,0.0469052660251589,0.973784662855624,0.948600862317548,0.999637052085461,,"sensitivity"
"hf","P01A","mean_temp","Mean temperature (per 1 C)",1,"single_exposure","negative_binomial","none",132,"HA_APPROVED_AGGREGATE","NeweyWest_lag3","mean_temp",-0.0265650851464099,0.0137549920876171,-1.93130501109666,0.0534453440569204,0.973784662855624,0.947882367219197,1.00039477724936,,"sensitivity"
"hf","P01A","mean_temp","Mean temperature (per 1 C)",1,"single_exposure","negative_binomial","none",132,"HA_APPROVED_AGGREGATE","NeweyWest_lag6","mean_temp",-0.0265650851464099,0.0145167083700806,-1.82996616513709,0.0672549984083706,0.973784662855624,0.946468268912107,1.00188944601681,,"sensitivity"
"hf","P01A","mean_temp","Mean temperature (per 1 C)",1,"single_exposure","quasipoisson","none",132,"HA_APPROVED_AGGREGATE","model","mean_temp",-0.0316315992799767,0.0100166779390674,-3.15789321293898,0.00158913758904331,0.968863446331871,0.950027556429305,0.988072789347475,,"sensitivity"
"hf","P01A","mean_temp","Mean temperature (per 1 C)",1,"single_exposure","quasipoisson","none",132,"HA_APPROVED_AGGREGATE","HC1","mean_temp",-0.0316315992799767,0.0128591339790925,-2.45985455407854,0.0138993331676624,0.968863446331871,0.944749466096929,0.993592916772035,,"sensitivity"
"hf","P01A","mean_temp","Mean temperature (per 1 C)",1,"single_exposure","quasipoisson","none",132,"HA_APPROVED_AGGREGATE","NeweyWest_lag3","mean_temp",-0.0316315992799767,0.0134536656879419,-2.35115098097963,0.0187154381376517,0.968863446331871,0.943649207588784,0.994751407714981,,"sensitivity"
"hf","P01A","mean_temp","Mean temperature (per 1 C)",1,"single_exposure","quasipoisson","none",132,"HA_APPROVED_AGGREGATE","NeweyWest_lag6","mean_temp",-0.0316315992799767,0.0141625673358087,-2.23346505827367,0.0255182920714449,0.968863446331871,0.942338967277057,0.996134522963098,,"sensitivity"
"hf","P02A","mean_tmax","Mean maximum temperature (per 1 C)",1,"single_exposure","negative_binomial","days_only",132,"HA_APPROVED_AGGREGATE","model","mean_tmax",-0.0190464892509477,0.00872849145404877,-2.18210550485363,0.0291017470305847,0.981133749009481,0.964491429621739,0.998063231959384,,"sensitivity"
"hf","P02A","mean_tmax","Mean maximum temperature (per 1 C)",1,"single_exposure","negative_binomial","days_only",132,"HA_APPROVED_AGGREGATE","HC1","mean_tmax",-0.0190464892509477,0.0119646161148062,-1.5919014089702,0.111406858936166,0.981133749009481,0.958393209553985,1.0044138708927,,"sensitivity"
"hf","P02A","mean_tmax","Mean maximum temperature (per 1 C)",1,"single_exposure","negative_binomial","days_only",132,"HA_APPROVED_AGGREGATE","NeweyWest_lag3","mean_tmax",-0.0190464892509477,0.0115011450430937,-1.65605156526435,0.0977113767158076,0.981133749009481,0.959264212659927,1.00350187231123,,"sensitivity"
"hf","P02A","mean_tmax","Mean maximum temperature (per 1 C)",1,"single_exposure","negative_binomial","days_only",132,"HA_APPROVED_AGGREGATE","NeweyWest_lag6","mean_tmax",-0.0190464892509477,0.0120339574864901,-1.58272864702491,0.113483325974114,0.981133749009481,0.958262964057423,1.0045503891432,0.272359982337874,"amended_core_candidate"
"hf","P02A","mean_tmax","Mean maximum temperature (per 1 C)",1,"single_exposure","quasipoisson","days_only",132,"HA_APPROVED_AGGREGATE","model","mean_tmax",-0.0231865095872649,0.00917370658658988,-2.52749631442964,0.0114879029736409,0.977080231947164,0.959668876341143,0.994807483287133,,"sensitivity"
"hf","P02A","mean_tmax","Mean maximum temperature (per 1 C)",1,"single_exposure","quasipoisson","days_only",132,"HA_APPROVED_AGGREGATE","HC1","mean_tmax",-0.0231865095872649,0.011744294021558,-1.97427870459505,0.0483500609672589,0.977080231947164,0.954845887499693,0.999832320754725,,"sensitivity"
"hf","P02A","mean_tmax","Mean maximum temperature (per 1 C)",1,"single_exposure","quasipoisson","days_only",132,"HA_APPROVED_AGGREGATE","NeweyWest_lag3","mean_tmax",-0.0231865095872649,0.0115587180357534,-2.00597588033071,0.0448588214347991,0.977080231947164,0.955193255744858,0.999468718942599,,"sensitivity"
"hf","P02A","mean_tmax","Mean maximum temperature (per 1 C)",1,"single_exposure","quasipoisson","days_only",132,"HA_APPROVED_AGGREGATE","NeweyWest_lag6","mean_tmax",-0.0231865095872649,0.0120596851529331,-1.92264634550808,0.0545244794000786,0.977080231947164,0.954255816047216,1.00045057479082,,"sensitivity"
"hf","P02A","mean_tmax","Mean maximum temperature (per 1 C)",1,"single_exposure","negative_binomial","population_x_days",132,"HA_APPROVED_AGGREGATE","model","mean_tmax",-0.0193497408880801,0.00871482421455561,-2.22032486389823,0.0263967233077368,0.980836263702581,0.96422481946574,0.997733886094208,,"sensitivity"
"hf","P02A","mean_tmax","Mean maximum temperature (per 1 C)",1,"single_exposure","negative_binomial","population_x_days",132,"HA_APPROVED_AGGREGATE","HC1","mean_tmax",-0.0193497408880801,0.011864305940317,-1.63092059370505,0.102907075747124,0.980836263702581,0.958291008410378,1.00391193045824,,"sensitivity"
"hf","P02A","mean_tmax","Mean maximum temperature (per 1 C)",1,"single_exposure","negative_binomial","population_x_days",132,"HA_APPROVED_AGGREGATE","NeweyWest_lag3","mean_tmax",-0.0193497408880801,0.0114091724518858,-1.6959811037725,0.089889458688832,0.980836263702581,0.959146244461296,1.00301677846257,,"sensitivity"
"hf","P02A","mean_tmax","Mean maximum temperature (per 1 C)",1,"single_exposure","negative_binomial","population_x_days",132,"HA_APPROVED_AGGREGATE","NeweyWest_lag6","mean_tmax",-0.0193497408880801,0.0119171669393534,-1.62368631626554,0.10444277291491,0.980836263702581,0.958191727362259,1.00401594871036,,"sensitivity"
"hf","P02A","mean_tmax","Mean maximum temperature (per 1 C)",1,"single_exposure","quasipoisson","population_x_days",132,"HA_APPROVED_AGGREGATE","model","mean_tmax",-0.0234318501533113,0.00916132344840626,-2.55769270512849,0.0105369158599942,0.976840543933784,0.959456746160557,0.994539307885767,,"sensitivity"
"hf","P02A","mean_tmax","Mean maximum temperature (per 1 C)",1,"single_exposure","quasipoisson","population_x_days",132,"HA_APPROVED_AGGREGATE","HC1","mean_tmax",-0.0234318501533113,0.0116412218049299,-2.0128342665362,0.0441320677044234,0.976840543933784,0.954804525406095,0.999385133692161,,"sensitivity"
"hf","P02A","mean_tmax","Mean maximum temperature (per 1 C)",1,"single_exposure","quasipoisson","population_x_days",132,"HA_APPROVED_AGGREGATE","NeweyWest_lag3","mean_tmax",-0.0234318501533113,0.0114581494727384,-2.04499428193541,0.0408554218419959,0.976840543933784,0.955147191531308,0.999026596877737,,"sensitivity"
"hf","P02A","mean_tmax","Mean maximum temperature (per 1 C)",1,"single_exposure","quasipoisson","population_x_days",132,"HA_APPROVED_AGGREGATE","NeweyWest_lag6","mean_tmax",-0.0234318501533113,0.0119366366019242,-1.96301947816138,0.0496439107913105,0.976840543933784,0.954251841192526,0.99996395823598,,"sensitivity"
"hf","P02A","mean_tmax","Mean maximum temperature (per 1 C)",1,"single_exposure","negative_binomial","none",132,"HA_APPROVED_AGGREGATE","model","mean_tmax",-0.0194371566136437,0.00870005528650187,-2.23414173514511,0.0254737486810079,0.980750526936355,0.964168444212941,0.997617793715623,,"sensitivity"
"hf","P02A","mean_tmax","Mean maximum temperature (per 1 C)",1,"single_exposure","negative_binomial","none",132,"HA_APPROVED_AGGREGATE","HC1","mean_tmax",-0.0194371566136437,0.0120925768536514,-1.60736266958473,0.107974834082607,0.980750526936355,0.957778625807831,1.00427339905884,,"sensitivity"
"hf","P02A","mean_tmax","Mean maximum temperature (per 1 C)",1,"single_exposure","negative_binomial","none",132,"HA_APPROVED_AGGREGATE","NeweyWest_lag3","mean_tmax",-0.0194371566136437,0.0116497290334387,-1.66846426709603,0.0952235996536558,0.980750526936355,0.958610321050055,1.00340208629541,,"sensitivity"
"hf","P02A","mean_tmax","Mean maximum temperature (per 1 C)",1,"single_exposure","negative_binomial","none",132,"HA_APPROVED_AGGREGATE","NeweyWest_lag6","mean_tmax",-0.0194371566136437,0.0122164301995621,-1.59106680888991,0.111594541214017,0.980750526936355,0.957546150814524,1.00451721858809,,"sensitivity"
"hf","P02A","mean_tmax","Mean maximum temperature (per 1 C)",1,"single_exposure","quasipoisson","none",132,"HA_APPROVED_AGGREGATE","model","mean_tmax",-0.023536367162484,0.00914742465819201,-2.57300475729045,0.0100819821883994,0.976738452816915,0.959382606640182,0.99440827737352,,"sensitivity"
"hf","P02A","mean_tmax","Mean maximum temperature (per 1 C)",1,"single_exposure","quasipoisson","none",132,"HA_APPROVED_AGGREGATE","HC1","mean_tmax",-0.023536367162484,0.0118713253625081,-1.98262337555134,0.0474095143170125,0.976738452816915,0.954274259713534,0.999731466609579,,"sensitivity"
"hf","P02A","mean_tmax","Mean maximum temperature (per 1 C)",1,"single_exposure","quasipoisson","none",132,"HA_APPROVED_AGGREGATE","NeweyWest_lag3","mean_tmax",-0.023536367162484,0.0117055470673246,-2.01070202247826,0.0443569402872886,0.976738452816915,0.954584378094913,0.99940668117274,,"sensitivity"
"hf","P02A","mean_tmax","Mean maximum temperature (per 1 C)",1,"single_exposure","quasipoisson","none",132,"HA_APPROVED_AGGREGATE","NeweyWest_lag6","mean_tmax",-0.023536367162484,0.012243890357538,-1.92229483237685,0.0545686698697176,0.976738452816915,0.95357767687416,1.00046176451872,,"sensitivity"
"hf","P02B","mean_tmin","Mean minimum temperature (per 1 C)",1,"single_exposure","negative_binomial","days_only",132,"HA_APPROVED_AGGREGATE","model","mean_tmin",-0.0272732218931944,0.00924058672213406,-2.95145997903646,0.00316275529492189,0.973095334250664,0.955629711654007,0.990880168325333,,"sensitivity"
"hf","P02B","mean_tmin","Mean minimum temperature (per 1 C)",1,"single_exposure","negative_binomial","days_only",132,"HA_APPROVED_AGGREGATE","HC1","mean_tmin",-0.0272732218931944,0.012243702327278,-2.22753062465688,0.0259118314130297,0.973095334250664,0.950021295374924,0.996729793479749,,"sensitivity"
"hf","P02B","mean_tmin","Mean minimum temperature (per 1 C)",1,"single_exposure","negative_binomial","days_only",132,"HA_APPROVED_AGGREGATE","NeweyWest_lag3","mean_tmin",-0.0272732218931944,0.0131764118550422,-2.06985195918552,0.0384662099014959,0.973095334250664,0.948286137817191,0.998553592399931,,"sensitivity"
"hf","P02B","mean_tmin","Mean minimum temperature (per 1 C)",1,"single_exposure","negative_binomial","days_only",132,"HA_APPROVED_AGGREGATE","NeweyWest_lag6","mean_tmin",-0.0272732218931944,0.0139402471348886,-1.95643747412031,0.0504136413025569,0.973095334250664,0.946867504573631,1.00004966372439,0.201654565210228,"amended_core_candidate"
"hf","P02B","mean_tmin","Mean minimum temperature (per 1 C)",1,"single_exposure","quasipoisson","days_only",132,"HA_APPROVED_AGGREGATE","model","mean_tmin",-0.032313853286701,0.00964312997205831,-3.35097145639775,0.000805286024187252,0.968202660801061,0.950074963995363,0.986676239146567,,"sensitivity"
"hf","P02B","mean_tmin","Mean minimum temperature (per 1 C)",1,"single_exposure","quasipoisson","days_only",132,"HA_APPROVED_AGGREGATE","HC1","mean_tmin",-0.032313853286701,0.0117326436175509,-2.75418348498736,0.00588387711852325,0.968202660801061,0.946191939364093,0.99072540505076,,"sensitivity"
"hf","P02B","mean_tmin","Mean minimum temperature (per 1 C)",1,"single_exposure","quasipoisson","days_only",132,"HA_APPROVED_AGGREGATE","NeweyWest_lag3","mean_tmin",-0.032313853286701,0.0128279719819958,-2.51901495669416,0.011768365762998,0.968202660801061,0.944162792170258,0.992854622270704,,"sensitivity"
"hf","P02B","mean_tmin","Mean minimum temperature (per 1 C)",1,"single_exposure","quasipoisson","days_only",132,"HA_APPROVED_AGGREGATE","NeweyWest_lag6","mean_tmin",-0.032313853286701,0.0135282405870288,-2.38862201472706,0.0169116916592069,0.968202660801061,0.942867792663764,0.994218277128644,,"sensitivity"
"hf","P02B","mean_tmin","Mean minimum temperature (per 1 C)",1,"single_exposure","negative_binomial","population_x_days",132,"HA_APPROVED_AGGREGATE","model","mean_tmin",-0.0277859719403109,0.0092177354637987,-3.01440327176195,0.0025748530178174,0.972596507469835,0.955182618282921,0.990327868447807,,"sensitivity"
"hf","P02B","mean_tmin","Mean minimum temperature (per 1 C)",1,"single_exposure","negative_binomial","population_x_days",132,"HA_APPROVED_AGGREGATE","HC1","mean_tmin",-0.0277859719403109,0.0121484284831342,-2.28720710492607,0.0221837375160424,0.972596507469835,0.949711626266252,0.996032837948353,,"sensitivity"
"hf","P02B","mean_tmin","Mean minimum temperature (per 1 C)",1,"single_exposure","negative_binomial","population_x_days",132,"HA_APPROVED_AGGREGATE","NeweyWest_lag3","mean_tmin",-0.0277859719403109,0.0130524298129599,-2.12879688598071,0.0332710686860697,0.972596507469835,0.948030376637693,0.997799215777693,,"sensitivity"
"hf","P02B","mean_tmin","Mean minimum temperature (per 1 C)",1,"single_exposure","negative_binomial","population_x_days",132,"HA_APPROVED_AGGREGATE","NeweyWest_lag6","mean_tmin",-0.0277859719403109,0.0137971340476265,-2.0138944685466,0.0440206144236114,0.972596507469835,0.946647621649108,0.999256687186979,,"sensitivity"
"hf","P02B","mean_tmin","Mean minimum temperature (per 1 C)",1,"single_exposure","quasipoisson","population_x_days",132,"HA_APPROVED_AGGREGATE","model","mean_tmin",-0.0327426670935655,0.00962189784024067,-3.40293231514361,0.000666667936044767,0.967787571136717,0.949707167292137,0.98621218740218,,"sensitivity"
"hf","P02B","mean_tmin","Mean minimum temperature (per 1 C)",1,"single_exposure","quasipoisson","population_x_days",132,"HA_APPROVED_AGGREGATE","HC1","mean_tmin",-0.0327426670935655,0.0116325167129345,-2.8147534967354,0.00488146613070136,0.967787571136717,0.945971913751999,0.990106333212187,,"sensitivity"
"hf","P02B","mean_tmin","Mean minimum temperature (per 1 C)",1,"single_exposure","quasipoisson","population_x_days",132,"HA_APPROVED_AGGREGATE","NeweyWest_lag3","mean_tmin",-0.0327426670935655,0.0126937892669947,-2.57942418964682,0.00989651781727124,0.967787571136717,0.944006248148772,0.992167991137172,,"sensitivity"
"hf","P02B","mean_tmin","Mean minimum temperature (per 1 C)",1,"single_exposure","quasipoisson","population_x_days",132,"HA_APPROVED_AGGREGATE","NeweyWest_lag6","mean_tmin",-0.0327426670935655,0.0133741957643881,-2.44819708567078,0.0143573097447378,0.967787571136717,0.942748163573722,0.993492025798536,,"sensitivity"
"hf","P02B","mean_tmin","Mean minimum temperature (per 1 C)",1,"single_exposure","negative_binomial","none",132,"HA_APPROVED_AGGREGATE","model","mean_tmin",-0.0278429383067745,0.00920300801998656,-3.02541715125173,0.00248290417434574,0.972541103758858,0.95515577747772,0.990242870119226,,"sensitivity"
"hf","P02B","mean_tmin","Mean minimum temperature (per 1 C)",1,"single_exposure","negative_binomial","none",132,"HA_APPROVED_AGGREGATE","HC1","mean_tmin",-0.0278429383067745,0.0123949356984312,-2.2463156715124,0.0246837954651145,0.972541103758858,0.949198806044622,0.996457425438474,,"sensitivity"
"hf","P02B","mean_tmin","Mean minimum temperature (per 1 C)",1,"single_exposure","negative_binomial","none",132,"HA_APPROVED_AGGREGATE","NeweyWest_lag3","mean_tmin",-0.0278429383067745,0.0133346388945797,-2.08801592055802,0.0367963985834978,0.972541103758858,0.947452163340032,0.998294410101046,,"sensitivity"
"hf","P02B","mean_tmin","Mean minimum temperature (per 1 C)",1,"single_exposure","negative_binomial","none",132,"HA_APPROVED_AGGREGATE","NeweyWest_lag6","mean_tmin",-0.0278429383067745,0.0141262839058815,-1.97100231683593,0.0487236108124076,0.972541103758858,0.945983213537824,0.999844590226104,,"sensitivity"
"hf","P02B","mean_tmin","Mean minimum temperature (per 1 C)",1,"single_exposure","quasipoisson","none",132,"HA_APPROVED_AGGREGATE","model","mean_tmin",-0.0328506404495565,0.00960858922252556,-3.41888280253924,0.000628788027545506,0.967683081505925,0.949629400413901,0.986079986386966,,"sensitivity"
"hf","P02B","mean_tmin","Mean minimum temperature (per 1 C)",1,"single_exposure","quasipoisson","none",132,"HA_APPROVED_AGGREGATE","HC1","mean_tmin",-0.0328506404495565,0.0118837742104931,-2.76432721353375,0.00570403076836018,0.967683081505925,0.945404086709151,0.990487093717085,,"sensitivity"
"hf","P02B","mean_tmin","Mean minimum temperature (per 1 C)",1,"single_exposure","quasipoisson","none",132,"HA_APPROVED_AGGREGATE","NeweyWest_lag3","mean_tmin",-0.0328506404495565,0.0129776323103698,-2.5313277232633,0.0113631622684095,0.967683081505925,0.943379347647311,0.992612938335052,,"sensitivity"
"hf","P02B","mean_tmin","Mean minimum temperature (per 1 C)",1,"single_exposure","quasipoisson","none",132,"HA_APPROVED_AGGREGATE","NeweyWest_lag6","mean_tmin",-0.0328506404495565,0.0137090142469174,-2.39628027645703,0.0165624202636532,0.967683081505925,0.942027974077746,0.994036877885242,,"sensitivity"
"hf","P04A","hot_nights","Hot nights (per 5 days)",5,"single_exposure","negative_binomial","days_only",132,"HA_APPROVED_AGGREGATE","model","I(hot_nights/5)",0.00310452698616816,0.0170320860006602,0.182275206104985,0.855366755388755,1.0031093510209,0.970175436395294,1.03716125182907,,"sensitivity"
"hf","P04A","hot_nights","Hot nights (per 5 days)",5,"single_exposure","negative_binomial","days_only",132,"HA_APPROVED_AGGREGATE","HC1","I(hot_nights/5)",0.00310452698616816,0.0168011588642484,0.184780526822728,0.853401182177921,1.0031093510209,0.970614653863758,1.03669192104203,,"sensitivity"
"hf","P04A","hot_nights","Hot nights (per 5 days)",5,"single_exposure","negative_binomial","days_only",132,"HA_APPROVED_AGGREGATE","NeweyWest_lag3","I(hot_nights/5)",0.00310452698616816,0.0150719828335998,0.205979997485618,0.836806535969229,1.0031093510209,0.973909827330984,1.03318432761188,,"sensitivity"
"hf","P04A","hot_nights","Hot nights (per 5 days)",5,"single_exposure","negative_binomial","days_only",132,"HA_APPROVED_AGGREGATE","NeweyWest_lag6","I(hot_nights/5)",0.00310452698616816,0.0140199326407834,0.221436654919241,0.824752454236862,1.0031093510209,0.975920119210477,1.03105607754004,0.899729950076576,"amended_core_candidate"
"hf","P04A","hot_nights","Hot nights (per 5 days)",5,"single_exposure","quasipoisson","days_only",132,"HA_APPROVED_AGGREGATE","model","I(hot_nights/5)",0.000431779656943989,0.0186042195905144,0.0232086949330644,0.981483802923042,1.0004318728872,0.964608952114861,1.03758515831129,,"sensitivity"
"hf","P04A","hot_nights","Hot nights (per 5 days)",5,"single_exposure","quasipoisson","days_only",132,"HA_APPROVED_AGGREGATE","HC1","I(hot_nights/5)",0.000431779656943989,0.016657426797678,0.0259211498983851,0.979320230533989,1.0004318728872,0.968296655011633,1.03363357407918,,"sensitivity"
"hf","P04A","hot_nights","Hot nights (per 5 days)",5,"single_exposure","quasipoisson","days_only",132,"HA_APPROVED_AGGREGATE","NeweyWest_lag3","I(hot_nights/5)",0.000431779656943989,0.0152893563544041,0.0282405385115911,0.97747030504979,1.0004318728872,0.970896547299666,1.0308656829322,,"sensitivity"
"hf","P04A","hot_nights","Hot nights (per 5 days)",5,"single_exposure","quasipoisson","days_only",132,"HA_APPROVED_AGGREGATE","NeweyWest_lag6","I(hot_nights/5)",0.000431779656943989,0.0145095205928903,0.0297583682506754,0.976259761372659,1.0004318728872,0.97238167610665,1.02929123088372,,"sensitivity"
"hf","P04A","hot_nights","Hot nights (per 5 days)",5,"single_exposure","negative_binomial","population_x_days",132,"HA_APPROVED_AGGREGATE","model","I(hot_nights/5)",0.00275434007200614,0.0170210782026828,0.161819365330923,0.87144810270178,1.0027581367516,0.969856677840385,1.03677574614487,,"sensitivity"
"hf","P04A","hot_nights","Hot nights (per 5 days)",5,"single_exposure","negative_binomial","population_x_days",132,"HA_APPROVED_AGGREGATE","HC1","I(hot_nights/5)",0.00275434007200614,0.01665422740283,0.16538383951321,0.86864187272149,1.0027581367516,0.970554282296844,1.0360305437445,,"sensitivity"
"hf","P04A","hot_nights","Hot nights (per 5 days)",5,"single_exposure","negative_binomial","population_x_days",132,"HA_APPROVED_AGGREGATE","NeweyWest_lag3","I(hot_nights/5)",0.00275434007200614,0.0148503636532032,0.185472903985893,0.852858131025797,1.0027581367516,0.973991821016736,1.03237404988873,,"sensitivity"
"hf","P04A","hot_nights","Hot nights (per 5 days)",5,"single_exposure","negative_binomial","population_x_days",132,"HA_APPROVED_AGGREGATE","NeweyWest_lag6","I(hot_nights/5)",0.00275434007200614,0.0138654225402652,0.198648116493207,0.842538012082504,1.0027581367516,0.975873913300135,1.03038299017662,,"sensitivity"
"hf","P04A","hot_nights","Hot nights (per 5 days)",5,"single_exposure","quasipoisson","population_x_days",132,"HA_APPROVED_AGGREGATE","model","I(hot_nights/5)",0.00013303443822734,0.0185972523025756,0.00715344589958141,0.994292424638033,1.0001330432877,0.964333991586807,1.0372610661893,,"sensitivity"
"hf","P04A","hot_nights","Hot nights (per 5 days)",5,"single_exposure","quasipoisson","population_x_days",132,"HA_APPROVED_AGGREGATE","HC1","I(hot_nights/5)",0.00013303443822734,0.0165231270018225,0.00805140807866855,0.993575975207801,1.0001330432877,0.968262264030863,1.03305286329328,,"sensitivity"
"hf","P04A","hot_nights","Hot nights (per 5 days)",5,"single_exposure","quasipoisson","population_x_days",132,"HA_APPROVED_AGGREGATE","NeweyWest_lag3","I(hot_nights/5)",0.00013303443822734,0.0150785161365975,0.00882278050586481,0.992960530978223,1.0001330432877,0.971007722880482,1.0301319759936,,"sensitivity"
"hf","P04A","hot_nights","Hot nights (per 5 days)",5,"single_exposure","quasipoisson","population_x_days",132,"HA_APPROVED_AGGREGATE","NeweyWest_lag6","I(hot_nights/5)",0.00013303443822734,0.0143582085693879,0.00926539251637374,0.992607392134374,1.0001330432877,0.972379562488938,1.02867865889283,,"sensitivity"
"hf","P04A","hot_nights","Hot nights (per 5 days)",5,"single_exposure","negative_binomial","none",132,"HA_APPROVED_AGGREGATE","model","I(hot_nights/5)",0.00297167563385287,0.0169982848558868,0.174822086995661,0.861219432685862,1.00297609543888,0.970110823787393,1.03695477192437,,"sensitivity"
"hf","P04A","hot_nights","Hot nights (per 5 days)",5,"single_exposure","negative_binomial","none",132,"HA_APPROVED_AGGREGATE","HC1","I(hot_nights/5)",0.00297167563385287,0.0168214703728972,0.176659683605355,0.859775710530105,1.00297609543888,0.970447080151674,1.03659547088812,,"sensitivity"
"hf","P04A","hot_nights","Hot nights (per 5 days)",5,"single_exposure","negative_binomial","none",132,"HA_APPROVED_AGGREGATE","NeweyWest_lag3","I(hot_nights/5)",0.00297167563385287,0.0150962643717733,0.196848409690629,0.843946166740566,1.00297609543888,0.973734107811406,1.03309624254906,,"sensitivity"
"hf","P04A","hot_nights","Hot nights (per 5 days)",5,"single_exposure","negative_binomial","none",132,"HA_APPROVED_AGGREGATE","NeweyWest_lag6","I(hot_nights/5)",0.00297167563385287,0.0140649475026321,0.211282383620468,0.832666928482372,1.00297609543888,0.97570438616864,1.0310100705522,,"sensitivity"
"hf","P04A","hot_nights","Hot nights (per 5 days)",5,"single_exposure","quasipoisson","none",132,"HA_APPROVED_AGGREGATE","model","I(hot_nights/5)",0.000239563318018634,0.0185820123619011,0.0128922160502817,0.989713784803727,1.0002395920156,0.964465534907603,1.03734058421422,,"sensitivity"
"hf","P04A","hot_nights","Hot nights (per 5 days)",5,"single_exposure","quasipoisson","none",132,"HA_APPROVED_AGGREGATE","HC1","I(hot_nights/5)",0.000239563318018634,0.0166840215934658,0.0143588472765138,0.988543691118765,1.0002395920156,0.968060088238874,1.03348878193671,,"sensitivity"
"hf","P04A","hot_nights","Hot nights (per 5 days)",5,"single_exposure","quasipoisson","none",132,"HA_APPROVED_AGGREGATE","NeweyWest_lag3","I(hot_nights/5)",0.000239563318018634,0.015320723441603,0.0156365539089432,0.987524343440749,1.0002395920156,0.970650266135988,1.03073091961155,,"sensitivity"
"hf","P04A","hot_nights","Hot nights (per 5 days)",5,"single_exposure","quasipoisson","none",132,"HA_APPROVED_AGGREGATE","NeweyWest_lag6","I(hot_nights/5)",0.000239563318018634,0.0145630579839804,0.0164500696407415,0.986875335345046,1.0002395920156,0.972092776181167,1.02920139512392,,"sensitivity"
"hf","P04B","cold_days","Cold days (per 5 days)",5,"single_exposure","negative_binomial","days_only",132,"HA_APPROVED_AGGREGATE","model","I(cold_days/5)",0.0702721921354338,0.0243883346082945,2.88138543545872,0.00395931140763075,1.07280014928024,1.02272543228121,1.12532662625647,,"sensitivity"
"hf","P04B","cold_days","Cold days (per 5 days)",5,"single_exposure","negative_binomial","days_only",132,"HA_APPROVED_AGGREGATE","HC1","I(cold_days/5)",0.0702721921354338,0.0301386415099525,2.3316310428998,0.019720109290663,1.07280014928024,1.01126341470992,1.13808147665051,,"sensitivity"
"hf","P04B","cold_days","Cold days (per 5 days)",5,"single_exposure","negative_binomial","days_only",132,"HA_APPROVED_AGGREGATE","NeweyWest_lag3","I(cold_days/5)",0.0702721921354338,0.0325112577059149,2.16147258193118,0.03065885268409,1.07280014928024,1.00657162602866,1.14338625343184,,"sensitivity"
"hf","P04B","cold_days","Cold days (per 5 days)",5,"single_exposure","negative_binomial","days_only",132,"HA_APPROVED_AGGREGATE","NeweyWest_lag6","I(cold_days/5)",0.0702721921354338,0.0325707214528985,2.15752642252817,0.0309646706542344,1.07280014928024,1.00645431800469,1.14351952165835,0.192239059851566,"amended_core_candidate"
"hf","P04B","cold_days","Cold days (per 5 days)",5,"single_exposure","quasipoisson","days_only",132,"HA_APPROVED_AGGREGATE","model","I(cold_days/5)",0.0783775109063459,0.024873398169343,3.1510576227959,0.001626803918559,1.08153087131234,1.0300688560019,1.13556391767996,,"sensitivity"
"hf","P04B","cold_days","Cold days (per 5 days)",5,"single_exposure","quasipoisson","days_only",132,"HA_APPROVED_AGGREGATE","HC1","I(cold_days/5)",0.0783775109063459,0.0285952179375984,2.74093070657424,0.00612654264898785,1.08153087131234,1.02258208429175,1.14387787892039,,"sensitivity"
"hf","P04B","cold_days","Cold days (per 5 days)",5,"single_exposure","quasipoisson","days_only",132,"HA_APPROVED_AGGREGATE","NeweyWest_lag3","I(cold_days/5)",0.0783775109063459,0.0304362484283118,2.57513704722686,0.0100200375549661,1.08153087131234,1.01889882825421,1.14801292647065,,"sensitivity"
"hf","P04B","cold_days","Cold days (per 5 days)",5,"single_exposure","quasipoisson","days_only",132,"HA_APPROVED_AGGREGATE","NeweyWest_lag6","I(cold_days/5)",0.0783775109063459,0.0303378941392723,2.58348554275185,0.00978075662276718,1.08153087131234,1.01909526480449,1.14779164028992,,"sensitivity"
"hf","P04B","cold_days","Cold days (per 5 days)",5,"single_exposure","negative_binomial","population_x_days",132,"HA_APPROVED_AGGREGATE","model","I(cold_days/5)",0.0703221046087019,0.0243600671288944,2.88677794837807,0.00389208805576285,1.07285369672534,1.02283314805442,1.12532044622003,,"sensitivity"
"hf","P04B","cold_days","Cold days (per 5 days)",5,"single_exposure","negative_binomial","population_x_days",132,"HA_APPROVED_AGGREGATE","HC1","I(cold_days/5)",0.0703221046087019,0.0299107942397581,2.35106109336368,0.0187199599778215,1.07285369672534,1.0117656247023,1.13763012547091,,"sensitivity"
"hf","P04B","cold_days","Cold days (per 5 days)",5,"single_exposure","negative_binomial","population_x_days",132,"HA_APPROVED_AGGREGATE","NeweyWest_lag3","I(cold_days/5)",0.0703221046087019,0.032353680432055,2.173542659432,0.0297394987409198,1.07285369672534,1.00693281240752,1.143090224486,,"sensitivity"
"hf","P04B","cold_days","Cold days (per 5 days)",5,"single_exposure","negative_binomial","population_x_days",132,"HA_APPROVED_AGGREGATE","NeweyWest_lag6","I(cold_days/5)",0.0703221046087019,0.0324097229593229,2.16978419398902,0.0300231983152424,1.07285369672534,1.0068222136051,1.14321579224582,,"sensitivity"
"hf","P04B","cold_days","Cold days (per 5 days)",5,"single_exposure","quasipoisson","population_x_days",132,"HA_APPROVED_AGGREGATE","model","I(cold_days/5)",0.0783630231471895,0.0248503056012241,3.15340279530926,0.00161378963753961,1.08151520246706,1.03010055549319,1.13549607067958,,"sensitivity"
"hf","P04B","cold_days","Cold days (per 5 days)",5,"single_exposure","quasipoisson","population_x_days",132,"HA_APPROVED_AGGREGATE","HC1","I(cold_days/5)",0.0783630231471895,0.0283737557352579,2.76181355328346,0.00574812930764606,1.08151520246706,1.02301122742175,1.14336490335033,,"sensitivity"
"hf","P04B","cold_days","Cold days (per 5 days)",5,"single_exposure","quasipoisson","population_x_days",132,"HA_APPROVED_AGGREGATE","NeweyWest_lag3","I(cold_days/5)",0.0783630231471895,0.0302453276763575,2.5909133465413,0.00957215908061094,1.08151520246706,1.01926540932583,1.14756678924386,,"sensitivity"
"hf","P04B","cold_days","Cold days (per 5 days)",5,"single_exposure","quasipoisson","population_x_days",132,"HA_APPROVED_AGGREGATE","NeweyWest_lag6","I(cold_days/5)",0.0783630231471895,0.0301425829845531,2.59974479251986,0.00932931129871616,1.08151520246706,1.01947068925101,1.14733571597503,,"sensitivity"
"hf","P04B","cold_days","Cold days (per 5 days)",5,"single_exposure","negative_binomial","none",132,"HA_APPROVED_AGGREGATE","model","I(cold_days/5)",0.0724291340841461,0.0242727168106522,2.98397310235829,0.0028453178310854,1.07511661426697,1.02516605990872,1.12750097713514,,"sensitivity"
"hf","P04B","cold_days","Cold days (per 5 days)",5,"single_exposure","negative_binomial","none",132,"HA_APPROVED_AGGREGATE","HC1","I(cold_days/5)",0.0724291340841461,0.0303586342676148,2.38578367675157,0.0170427726590052,1.07511661426697,1.01301011551707,1.1410307918622,,"sensitivity"
"hf","P04B","cold_days","Cold days (per 5 days)",5,"single_exposure","negative_binomial","none",132,"HA_APPROVED_AGGREGATE","NeweyWest_lag3","I(cold_days/5)",0.0724291340841461,0.0328287710296336,2.20627004339475,0.0273650975621215,1.07511661426697,1.0081175126519,1.14656845037071,,"sensitivity"
"hf","P04B","cold_days","Cold days (per 5 days)",5,"single_exposure","negative_binomial","none",132,"HA_APPROVED_AGGREGATE","NeweyWest_lag6","I(cold_days/5)",0.0724291340841461,0.0329446697687216,2.19850842617679,0.0279128947578311,1.07511661426697,1.00788853314536,1.14682893619761,,"sensitivity"
"hf","P04B","cold_days","Cold days (per 5 days)",5,"single_exposure","quasipoisson","none",132,"HA_APPROVED_AGGREGATE","model","I(cold_days/5)",0.080334991734195,0.0247727165819932,3.2428817997534,0.00118327289939706,1.08365002067812,1.03229085875979,1.13756443482074,,"sensitivity"
"hf","P04B","cold_days","Cold days (per 5 days)",5,"single_exposure","quasipoisson","none",132,"HA_APPROVED_AGGREGATE","HC1","I(cold_days/5)",0.080334991734195,0.0287579540435174,2.79348772908635,0.00521430072831324,1.08365002067812,1.02425897693922,1.14648481854153,,"sensitivity"
"hf","P04B","cold_days","Cold days (per 5 days)",5,"single_exposure","quasipoisson","none",132,"HA_APPROVED_AGGREGATE","NeweyWest_lag3","I(cold_days/5)",0.080334991734195,0.0306774413498513,2.61869921999164,0.00882657354383177,1.08365002067812,1.0204127544705,1.15080624205354,,"sensitivity"
"hf","P04B","cold_days","Cold days (per 5 days)",5,"single_exposure","quasipoisson","none",132,"HA_APPROVED_AGGREGATE","NeweyWest_lag6","I(cold_days/5)",0.080334991734195,0.0306422565297538,2.62170612846967,0.00874908364608267,1.08365002067812,1.02048312685381,1.15072688260521,,"sensitivity"
"hf","P04C","very_hot_days","Very hot days (per 5 days)",5,"single_exposure","negative_binomial","days_only",132,"HA_APPROVED_AGGREGATE","model","I(very_hot_days/5)",-0.00500131468831582,0.0163224352940866,-0.306407383347246,0.759294487444654,0.995011171062262,0.963682603695343,1.02735820563975,,"sensitivity"
"hf","P04C","very_hot_days","Very hot days (per 5 days)",5,"single_exposure","negative_binomial","days_only",132,"HA_APPROVED_AGGREGATE","HC1","I(very_hot_days/5)",-0.00500131468831582,0.016737786112114,-0.298803835514192,0.765089724252379,0.995011171062262,0.962898400882331,1.02819490574653,,"sensitivity"
"hf","P04C","very_hot_days","Very hot days (per 5 days)",5,"single_exposure","negative_binomial","days_only",132,"HA_APPROVED_AGGREGATE","NeweyWest_lag3","I(very_hot_days/5)",-0.00500131468831582,0.0163104908615644,-0.306631770359616,0.759123668564499,0.995011171062262,0.963705164817424,1.02733415434819,,"sensitivity"
"hf","P04C","very_hot_days","Very hot days (per 5 days)",5,"single_exposure","negative_binomial","days_only",132,"HA_APPROVED_AGGREGATE","NeweyWest_lag6","I(very_hot_days/5)",-0.00500131468831582,0.0166662705174907,-0.30008601402858,0.76411154706375,0.995011171062262,0.963033380355518,1.02805079318559,0.899729950076576,"amended_core_candidate"
"hf","P04C","very_hot_days","Very hot days (per 5 days)",5,"single_exposure","quasipoisson","days_only",132,"HA_APPROVED_AGGREGATE","model","I(very_hot_days/5)",-0.00454704147032511,0.0180997713605375,-0.251220934217927,0.801643300284091,0.995463280671745,0.960767731957979,1.03141176603243,,"sensitivity"
"hf","P04C","very_hot_days","Very hot days (per 5 days)",5,"single_exposure","quasipoisson","days_only",132,"HA_APPROVED_AGGREGATE","HC1","I(very_hot_days/5)",-0.00454704147032511,0.0162561817746175,-0.27971152964252,0.779698831912154,0.995463280671745,0.964245684166691,1.02769155147647,,"sensitivity"
"hf","P04C","very_hot_days","Very hot days (per 5 days)",5,"single_exposure","quasipoisson","days_only",132,"HA_APPROVED_AGGREGATE","NeweyWest_lag3","I(very_hot_days/5)",-0.00454704147032511,0.0161406932964793,-0.281712897135399,0.778163664384547,0.995463280671745,0.964463973033978,1.02745895219753,,"sensitivity"
"hf","P04C","very_hot_days","Very hot days (per 5 days)",5,"single_exposure","quasipoisson","days_only",132,"HA_APPROVED_AGGREGATE","NeweyWest_lag6","I(very_hot_days/5)",-0.00454704147032511,0.0166179040478241,-0.273623042788028,0.784374323988973,0.995463280671745,0.9635622997308,1.02842041811163,,"sensitivity"
"hf","P04C","very_hot_days","Very hot days (per 5 days)",5,"single_exposure","negative_binomial","population_x_days",132,"HA_APPROVED_AGGREGATE","model","I(very_hot_days/5)",-0.00498259415805045,0.0163095693901408,-0.305501269767579,0.75998440303235,0.99502979837336,0.963724946624624,1.02735153128351,,"sensitivity"
"hf","P04C","very_hot_days","Very hot days (per 5 days)",5,"single_exposure","negative_binomial","population_x_days",132,"HA_APPROVED_AGGREGATE","HC1","I(very_hot_days/5)",-0.00498259415805045,0.0167380003395812,-0.29768156631398,0.76594621390048,0.99502979837336,0.962916022704832,1.0282145860132,,"sensitivity"
"hf","P04C","very_hot_days","Very hot days (per 5 days)",5,"single_exposure","negative_binomial","population_x_days",132,"HA_APPROVED_AGGREGATE","NeweyWest_lag3","I(very_hot_days/5)",-0.00498259415805045,0.0162274525170008,-0.307047218460841,0.758807431826852,0.99502979837336,0.963880069742951,1.02718619331445,,"sensitivity"
"hf","P04C","very_hot_days","Very hot days (per 5 days)",5,"single_exposure","negative_binomial","population_x_days",132,"HA_APPROVED_AGGREGATE","NeweyWest_lag6","I(very_hot_days/5)",-0.00498259415805045,0.0166034282304248,-0.300094299135171,0.764105227557294,0.99502979837336,0.963170036217458,1.02794341852574,,"sensitivity"
"hf","P04C","very_hot_days","Very hot days (per 5 days)",5,"single_exposure","quasipoisson","population_x_days",132,"HA_APPROVED_AGGREGATE","model","I(very_hot_days/5)",-0.00452455187489938,0.0180876448808883,-0.250145992178346,0.802474449653524,0.995485668489935,0.960812175694973,1.03141044757478,,"sensitivity"
"hf","P04C","very_hot_days","Very hot days (per 5 days)",5,"single_exposure","quasipoisson","population_x_days",132,"HA_APPROVED_AGGREGATE","HC1","I(very_hot_days/5)",-0.00452455187489938,0.016254048607911,-0.278364608353468,0.780732484692311,0.995485668489935,0.964271401522675,1.02771036723062,,"sensitivity"
"hf","P04C","very_hot_days","Very hot days (per 5 days)",5,"single_exposure","quasipoisson","population_x_days",132,"HA_APPROVED_AGGREGATE","NeweyWest_lag3","I(very_hot_days/5)",-0.00452455187489938,0.0160567145540469,-0.281785657935797,0.778107868803498,0.995485668489935,0.96464442948291,1.02731295167491,,"sensitivity"
"hf","P04C","very_hot_days","Very hot days (per 5 days)",5,"single_exposure","quasipoisson","population_x_days",132,"HA_APPROVED_AGGREGATE","NeweyWest_lag6","I(very_hot_days/5)",-0.00452455187489938,0.016552408392264,-0.273347042175083,0.784586457256316,0.995485668489935,0.963707674745737,1.02831153277918,,"sensitivity"
"hf","P04C","very_hot_days","Very hot days (per 5 days)",5,"single_exposure","negative_binomial","none",132,"HA_APPROVED_AGGREGATE","model","I(very_hot_days/5)",-0.0050355618674764,0.016289754581208,-0.309124477129046,0.757226840370743,0.994977095319922,0.963711328628236,1.02725721987768,,"sensitivity"
"hf","P04C","very_hot_days","Very hot days (per 5 days)",5,"single_exposure","negative_binomial","none",132,"HA_APPROVED_AGGREGATE","HC1","I(very_hot_days/5)",-0.0050355618674764,0.0167446092829916,-0.300727343491454,0.763622416305525,0.994977095319922,0.962852548180216,1.02817344367247,,"sensitivity"
"hf","P04C","very_hot_days","Very hot days (per 5 days)",5,"single_exposure","negative_binomial","none",132,"HA_APPROVED_AGGREGATE","NeweyWest_lag3","I(very_hot_days/5)",-0.0050355618674764,0.0163192461842712,-0.308565837577092,0.757651811156213,0.994977095319922,0.963655624309941,1.02731660069973,,"sensitivity"
"hf","P04C","very_hot_days","Very hot days (per 5 days)",5,"single_exposure","negative_binomial","none",132,"HA_APPROVED_AGGREGATE","NeweyWest_lag6","I(very_hot_days/5)",-0.0050355618674764,0.0166801101395205,-0.301890204882134,0.762735762976733,0.994977095319922,0.962974278077206,1.0280434719274,,"sensitivity"
"hf","P04C","very_hot_days","Very hot days (per 5 days)",5,"single_exposure","quasipoisson","none",132,"HA_APPROVED_AGGREGATE","model","I(very_hot_days/5)",-0.00462620408768336,0.0180764398918462,-0.255924513641103,0.798009125666432,0.995384480312026,0.960735611206218,1.03128295869255,,"sensitivity"
"hf","P04C","very_hot_days","Very hot days (per 5 days)",5,"single_exposure","quasipoisson","none",132,"HA_APPROVED_AGGREGATE","HC1","I(very_hot_days/5)",-0.00462620408768336,0.01626892736592,-0.284358272898451,0.776135833020227,0.995384480312026,0.964145269015908,1.02763587136338,,"sensitivity"
"hf","P04C","very_hot_days","Very hot days (per 5 days)",5,"single_exposure","quasipoisson","none",132,"HA_APPROVED_AGGREGATE","NeweyWest_lag3","I(very_hot_days/5)",-0.00462620408768336,0.0161533560890502,-0.286392750966426,0.774577326185173,0.995384480312026,0.964363691653153,1.02740311795396,,"sensitivity"
"hf","P04C","very_hot_days","Very hot days (per 5 days)",5,"single_exposure","quasipoisson","none",132,"HA_APPROVED_AGGREGATE","NeweyWest_lag6","I(very_hot_days/5)",-0.00462620408768336,0.0166379202592334,-0.278051824723465,0.78097257626688,0.995384480312026,0.96344822611141,1.02837935323726,,"sensitivity"
